MovieLink	cluster1	cluster2	cluster3	cluster4	cluster5	cluster6	cluster7	cluster8	cluster9
https://movie.douban.com/subject/1292052/	1	5.866666666666667	1	3	15.733333333333334	4.933333333333334	19.333333333333332	3	0
https://movie.douban.com/subject/26752088/	0	5	1.8666666666666667	1.8666666666666667	18.0	5.866666666666667	18.4	4.933333333333334	2
https://movie.douban.com/subject/25662329/	0	4	2	1.9333333333333333	15.600000000000001	4.8	13.533333333333335	4.733333333333333	1
https://movie.douban.com/subject/3793023/	0	4	1.8	2	21.2	4.2	17.733333333333334	5.733333333333333	0
https://movie.douban.com/subject/26387939/	0	3.9333333333333336	1.7333333333333334	2	16.333333333333336	3.4000000000000004	16.733333333333334	4	0
https://movie.douban.com/subject/1291561/	0	4.933333333333334	1	2	16.2	2.2666666666666666	19.666666666666668	3.9333333333333336	0
https://movie.douban.com/subject/1295644/	0	6.933333333333334	1	2	15.800000000000004	3.8666666666666667	13.4	5	0
https://movie.douban.com/subject/26266893/	0	4.6000000000000005	1.7333333333333334	2.8	14.466666666666669	4.6000000000000005	12.200000000000003	4.866666666666667	1.9333333333333333
https://movie.douban.com/subject/1292720/	0.8	5.933333333333334	1	2.9333333333333336	17.533333333333335	5.933333333333334	18.400000000000002	5	0
https://movie.douban.com/subject/3541415/	0	3.8	2	1.9333333333333333	18.400000000000002	4.866666666666667	19.200000000000003	5	0
https://movie.douban.com/subject/1929463/	0	5.933333333333334	2	1.9333333333333333	20.400000000000002	5.866666666666667	16.200000000000003	4.666666666666667	0.9333333333333333
https://movie.douban.com/subject/1291546/	0	5.933333333333334	2	1.9333333333333333	14.466666666666669	4	14.733333333333334	4.933333333333334	0
https://movie.douban.com/subject/20495023/	0	4.933333333333334	1.9333333333333333	2	14.533333333333335	2.8	14.533333333333335	3.9333333333333336	1
https://movie.douban.com/subject/1292064/	1	4.933333333333334	1	2.7333333333333334	13.4	2	16.200000000000003	3.8666666666666667	0
https://movie.douban.com/subject/3319755/	0	3.8666666666666667	1	2.8666666666666667	16.4	2	10.8	4.866666666666667	0
https://movie.douban.com/subject/3742360/	0	5.733333333333333	2	2.9333333333333336	16.46666666666667	3.8	10.733333333333334	4.8	1
https://movie.douban.com/subject/1889243/	0	5.800000000000001	2	1.8	13.466666666666669	4.866666666666667	13.333333333333336	3.866666666666667	0
https://movie.douban.com/subject/26683290/	0	3.7333333333333334	1.8666666666666667	3	15.933333333333337	3.7333333333333334	10.400000000000002	2	0
https://movie.douban.com/subject/26862829/	0	2.8	1.7333333333333334	1.8	15.600000000000003	3.8	11.400000000000002	4.6000000000000005	0
https://movie.douban.com/subject/1849031/	0.8	4.933333333333334	1.8	2	15.06666666666667	3.7333333333333334	11.600000000000001	3.9333333333333336	0
https://movie.douban.com/subject/1292722/	1	4.933333333333334	1	2.8	17.533333333333335	2.8	14.666666666666668	3	0
https://movie.douban.com/subject/1292001/	0	2	1	2.9333333333333336	13.600000000000001	2.9333333333333336	20.26666666666667	3.866666666666667	0
https://movie.douban.com/subject/2129039/	0	3.8666666666666667	2	1.9333333333333333	11.666666666666668	2.8	8.6	4.666666666666667	0
https://movie.douban.com/subject/4920389/	0	2.8666666666666667	1.8666666666666667	1.9333333333333333	14.866666666666667	3.8	12.333333333333334	2	1
https://movie.douban.com/subject/27110296/	0	2.9333333333333336	1.8666666666666667	1	12.133333333333335	2.7333333333333334	10.0	2.666666666666667	1.7333333333333334
https://movie.douban.com/subject/1292213/	0	3.9333333333333336	1	1.9333333333333333	11.066666666666668	4	12.733333333333334	2.8666666666666667	0
https://movie.douban.com/subject/1291549/	0	3.9333333333333336	0.9333333333333333	2.9333333333333336	17.733333333333338	4.8	13.666666666666668	4.733333333333333	0
https://movie.douban.com/subject/25964071/	0	4.466666666666667	1.6	1.9333333333333333	11.066666666666668	2.8	14.400000000000002	4.733333333333333	0
https://movie.douban.com/subject/1291560/	0	3.8	1	2.8666666666666667	14.933333333333335	3.7333333333333334	8.733333333333334	3	0
https://movie.douban.com/subject/25921812/	0	4.800000000000001	1.8666666666666667	0.9333333333333333	9.733333333333334	1.8	10.800000000000002	1.8	0
https://movie.douban.com/subject/2131459/	0	3.9333333333333336	2	1.9333333333333333	12.533333333333335	3	15.600000000000001	4.933333333333334	0
https://movie.douban.com/subject/24751756/	0	3.9333333333333336	0.9333333333333333	0.9333333333333333	14.733333333333336	3.333333333333333	12.466666666666669	3.6000000000000005	0.9333333333333333
https://movie.douban.com/subject/27060077/	0	2.9333333333333336	1.9333333333333333	0.9333333333333333	17.46666666666667	2.8666666666666667	14.533333333333335	3	0
https://movie.douban.com/subject/27605698/	0	3.533333333333333	1.6	1.6	12.000000000000002	2.8	10.466666666666669	5.2	1
https://movie.douban.com/subject/26363254/	0	2.7333333333333334	1.6	1.8	13.600000000000001	2.2	14.266666666666667	4.533333333333333	1
https://movie.douban.com/subject/1292063/	0	4	1	1.9333333333333333	18.8	2	13.866666666666667	3.9333333333333336	0
https://movie.douban.com/subject/19944106/	0	3.7333333333333334	0.8	2.333333333333333	8.266666666666667	2.2	14.533333333333335	1.7333333333333334	0.6
https://movie.douban.com/subject/26580232/	0	3.9333333333333336	1.8666666666666667	2	10.8	4.533333333333334	8.533333333333333	2	0
https://movie.douban.com/subject/3011091/	0	4	0.9333333333333333	2.7333333333333334	15.533333333333335	3.866666666666667	10.8	4.933333333333334	0
https://movie.douban.com/subject/4920528/	1	3.8	0.9333333333333333	2.8	12.200000000000003	2.9333333333333336	10.200000000000001	4.733333333333333	0
https://movie.douban.com/subject/25815034/	0	4.866666666666667	0	1.7333333333333334	11.266666666666667	3.8	12.533333333333335	2.8666666666666667	0
https://movie.douban.com/subject/26861685/	0	3.9333333333333336	1.8666666666666667	1	14.133333333333336	3.7333333333333334	11.400000000000002	4.933333333333334	1
https://movie.douban.com/subject/1307914/	0	3.9333333333333336	1	1	14.733333333333334	3.8	10.600000000000001	2.9333333333333336	0
https://movie.douban.com/subject/25986180/	0	3.9333333333333336	1.7333333333333334	1.8	12.133333333333335	4.4	14.600000000000001	3.8666666666666667	0
https://movie.douban.com/subject/1309046/	0	2.8	1	1.8666666666666667	12.533333333333335	2	10.266666666666667	3.8	0
https://movie.douban.com/subject/6874741/	1	3.8	0	0.9333333333333333	8.4	3	17.133333333333336	2.8	0
https://movie.douban.com/subject/10574622/	0	2.9333333333333336	1.8666666666666667	1	12.266666666666667	1.9333333333333333	11.333333333333334	3.666666666666667	0.9333333333333333
https://movie.douban.com/subject/1485260/	0	3.866666666666667	1.8666666666666667	3	13.000000000000002	2.7333333333333334	10.333333333333334	2.8	0
https://movie.douban.com/subject/27038183/	0	3.466666666666667	0.8	1.7333333333333334	9.066666666666666	3.4000000000000004	10.866666666666669	3.466666666666667	0.9333333333333333
https://movie.douban.com/subject/26985127/	0	3.666666666666667	1.7333333333333334	1	8.866666666666665	2.9333333333333336	12.733333333333336	2.666666666666667	2
https://movie.douban.com/subject/6786002/	0	3	1	1.9333333333333333	11.4	2.9333333333333336	14.466666666666669	2.9333333333333336	0
https://movie.douban.com/subject/27024903/	0	4.866666666666667	1.7333333333333334	1.8666666666666667	13.133333333333335	2.8	9.666666666666668	3.8666666666666667	1
https://movie.douban.com/subject/11525673/	0	3.7333333333333334	1.9333333333333333	1.9333333333333333	12.333333333333336	2.7333333333333334	7.333333333333333	2.7333333333333334	0
https://movie.douban.com/subject/1295124/	0	1.9333333333333333	1	1.9333333333333333	15.466666666666669	4	16.533333333333335	3.9333333333333336	0
https://movie.douban.com/subject/1293839/	0	3.9333333333333336	1	1	10.866666666666665	3.8	11.600000000000001	2.8	0
https://movie.douban.com/subject/1652587/	0	4.866666666666667	2	2	9.333333333333334	3.866666666666667	12.466666666666667	3.8	0
https://movie.douban.com/subject/26325320/	0	4.933333333333334	1.7333333333333334	2	10.6	4.8	15.133333333333333	3.8	1
https://movie.douban.com/subject/26277313/	0	1.9333333333333333	1.9333333333333333	1.9333333333333333	8.066666666666666	2.666666666666667	11.200000000000001	3.666666666666667	0
https://movie.douban.com/subject/26698897/	0	4.800000000000001	0.9333333333333333	1.5333333333333332	10.666666666666668	2.7333333333333334	8.666666666666666	3.066666666666667	1
https://movie.douban.com/subject/26425063/	0	2.8666666666666667	1.6	2.8666666666666667	10.866666666666667	2.8666666666666667	9.400000000000002	1.8666666666666667	1.8666666666666667
https://movie.douban.com/subject/25934014/	0	2.8666666666666667	1.7333333333333334	1.9333333333333333	9.933333333333335	1.7333333333333334	12.4	3.8	0
https://movie.douban.com/subject/1292215/	0	4.866666666666667	1	1	10.333333333333334	4.8	9.600000000000001	0.9333333333333333	0
https://movie.douban.com/subject/1292370/	0	4.933333333333334	1	2	9.466666666666667	4.800000000000001	12.133333333333336	3.8	0
https://movie.douban.com/subject/1299398/	0	3.866666666666667	1	1.9333333333333333	9.133333333333333	3	11.533333333333335	2.8666666666666667	0
https://movie.douban.com/subject/1907966/	0	3.7333333333333334	1.8	2	16.06666666666667	2.7333333333333334	11.266666666666667	5.866666666666667	0
https://movie.douban.com/subject/5350027/	0	0.9333333333333333	0.8	0.9333333333333333	9.6	2.2	10.933333333333334	3.2	0.8
https://movie.douban.com/subject/25805741/	0	3.7333333333333334	1.6	2.4	15.333333333333337	3.0	9.333333333333334	3.8	0
https://movie.douban.com/subject/11529526/	0	4.466666666666667	0.8	2.533333333333333	12.200000000000001	2.666666666666667	9.333333333333334	5.466666666666667	0
https://movie.douban.com/subject/1298624/	0	2.9333333333333336	0.9333333333333333	0	13.866666666666667	3	9.666666666666668	2.9333333333333336	0
https://movie.douban.com/subject/1291841/	1	2.8666666666666667	2	0.9333333333333333	13.066666666666668	5.866666666666667	11.666666666666668	3.9333333333333336	0
https://movie.douban.com/subject/21318488/	0	2.8666666666666667	2	2.9333333333333336	8.666666666666668	0.9333333333333333	11.333333333333334	2	0
https://movie.douban.com/subject/11026735/	0	3.666666666666667	1.9333333333333333	1.9333333333333333	11.866666666666667	2	11.333333333333334	3.7333333333333334	1
https://movie.douban.com/subject/25827935/	0	3.8	0	0.9333333333333333	6.0	1.9333333333333333	10.133333333333335	3.8	0
https://movie.douban.com/subject/1978709/	0	2	0.9333333333333333	1.7333333333333334	11.333333333333336	2.8666666666666667	11.133333333333335	2.8666666666666667	0
https://movie.douban.com/subject/3077412/	0	2.8666666666666667	0.8	2.6	6.8	2.8	9.200000000000001	2.6	0
https://movie.douban.com/subject/26611804/	0	1.9333333333333333	1.9333333333333333	1	9.866666666666667	2.9333333333333336	10.8	2.666666666666667	0
https://movie.douban.com/subject/1292365/	0	5	2	1.9333333333333333	12.666666666666668	4.933333333333334	10.733333333333334	4	0
https://movie.douban.com/subject/2209573/	0	3.8666666666666667	1.7333333333333334	2	9.133333333333335	1.9333333333333333	12.066666666666668	2.8	0
https://movie.douban.com/subject/10574468/	0	3.666666666666667	0.9333333333333333	1.7333333333333334	10.866666666666667	1.7333333333333334	12.666666666666668	2.8666666666666667	0.9333333333333333
https://movie.douban.com/subject/1291548/	0	2.666666666666667	0.9333333333333333	1	14.066666666666666	2.533333333333333	8.8	2.9333333333333336	0
https://movie.douban.com/subject/3878007/	0	1.8666666666666667	1.7333333333333334	1.8666666666666667	11.266666666666667	0.9333333333333333	6.866666666666667	4.666666666666667	0.6
https://movie.douban.com/subject/1292220/	0	2.9333333333333336	0.9333333333333333	2.9333333333333336	10.466666666666667	2	9.4	3.9333333333333336	0
https://movie.douban.com/subject/1292402/	0	1.8666666666666667	1	2.8666666666666667	11.4	2.9333333333333336	8.333333333333334	2.8666666666666667	0
https://movie.douban.com/subject/3364223/	0	3.8666666666666667	0.9333333333333333	0.8	9.533333333333333	1.7333333333333334	10.4	3.333333333333333	0
https://movie.douban.com/subject/3821067/	0	2.8666666666666667	0.8	1.6	8.466666666666667	1.7333333333333334	10.133333333333335	3.8	0.3333333333333333
https://movie.douban.com/subject/1292343/	0	1.9333333333333333	0.9333333333333333	1	11.466666666666669	3.7333333333333334	10.8	4.666666666666667	0
https://movie.douban.com/subject/1292223/	0	4.8	1	2.9333333333333336	11.133333333333335	2.533333333333333	7.333333333333334	2.7333333333333334	0
https://movie.douban.com/subject/5308265/	0	1.8666666666666667	1.7333333333333334	1.8	8.133333333333333	2.533333333333333	12.333333333333334	4.333333333333334	0.8
https://movie.douban.com/subject/1306029/	0	2.8666666666666667	1	1.9333333333333333	16.333333333333336	4.533333333333333	10.600000000000001	4.866666666666667	0
https://movie.douban.com/subject/24405378/	0	3.8	0.9333333333333333	1.8666666666666667	8.466666666666667	2.8	10.933333333333334	2.8	0
https://movie.douban.com/subject/26311973/	0	2.8	1.5333333333333332	1.9333333333333333	6.466666666666667	2.533333333333333	10.0	3.466666666666667	0
https://movie.douban.com/subject/1292656/	1	1	0.9333333333333333	2.666666666666667	13.8	2.333333333333333	10.2	3.9333333333333336	0
https://movie.douban.com/subject/26607693/	0	2.7333333333333334	1.9333333333333333	0.9333333333333333	12.933333333333335	2.666666666666667	9.533333333333335	1.8666666666666667	0.9333333333333333
https://movie.douban.com/subject/4023638/	0	1.8666666666666667	0.8	1.8666666666666667	9.866666666666667	1.9333333333333333	10.333333333333336	3.8666666666666667	0
https://movie.douban.com/subject/27622447/	0	3.7333333333333334	1.9333333333333333	2.8666666666666667	9.400000000000002	1.2666666666666666	8.333333333333334	2.8	0
https://movie.douban.com/subject/2334904/	0	1.8	1.8666666666666667	2.7333333333333334	11.466666666666667	2.9333333333333336	11.666666666666668	2.8	0
https://movie.douban.com/subject/30163509/	0	3.7333333333333334	1.7333333333333334	0.9333333333333333	8.600000000000001	2.8666666666666667	11.600000000000001	0.9333333333333333	0.8
https://movie.douban.com/subject/26366496/	0	2.533333333333333	1.7333333333333334	1.6	8.466666666666667	1.9333333333333333	6.733333333333333	1.7333333333333334	0.8
https://movie.douban.com/subject/3075287/	0	1.8666666666666667	1.9333333333333333	1.6	12.400000000000002	2.7333333333333334	11.200000000000003	3.7333333333333334	0
https://movie.douban.com/subject/3287562/	0	2.8666666666666667	0.9333333333333333	1.9333333333333333	12.866666666666669	2	9.333333333333334	5.800000000000001	0
https://movie.douban.com/subject/6973376/	0	2.6	0	2.533333333333333	9.4	2.666666666666667	10.200000000000001	3.533333333333333	0
https://movie.douban.com/subject/4739952/	0	1.9333333333333333	0.6	2.333333333333333	6.6000000000000005	0.8	12.533333333333333	1.9333333333333333	0
https://movie.douban.com/subject/1292000/	0	3.9333333333333336	1	2	10.4	3.9333333333333336	7.733333333333334	2	0
https://movie.douban.com/subject/26366465/	0	1.8666666666666667	0	0.9333333333333333	10.066666666666666	2.4000000000000004	8.733333333333334	2.8	0
https://movie.douban.com/subject/2149806/	0	2.8666666666666667	1	1.9333333333333333	6.533333333333334	2.8666666666666667	11.600000000000001	3.8	0
https://movie.douban.com/subject/25717233/	0	2.6	1.7333333333333334	1.7333333333333334	10.733333333333336	3.533333333333333	8.533333333333333	3.7333333333333334	0.9333333333333333
https://movie.douban.com/subject/24773958/	0	1.8666666666666667	1.7333333333333334	0.9333333333333333	9.266666666666667	1.8666666666666667	8.533333333333335	1.8666666666666667	0
https://movie.douban.com/subject/1780330/	0	3	2	1	10.533333333333333	2.8	8.666666666666666	0	0.9333333333333333
https://movie.douban.com/subject/1291832/	0	2.8666666666666667	1	2	12.066666666666668	1.9333333333333333	4.666666666666667	2.8666666666666667	0
https://movie.douban.com/subject/1851857/	0	3.8	1.8	2	10.733333333333334	5	9.466666666666667	2	0
https://movie.douban.com/subject/1308807/	0	1.8	1	0	10.666666666666668	1.2666666666666666	6.666666666666667	3.9333333333333336	0
https://movie.douban.com/subject/21937445/	0	2.8	1	1.9333333333333333	11.600000000000001	2.8666666666666667	9.8	3.9333333333333336	0
https://movie.douban.com/subject/1293544/	0	4.800000000000001	1	3	11.866666666666667	3	11.933333333333334	2	0
https://movie.douban.com/subject/30334073/	0	2.8666666666666667	1.8666666666666667	2	8.4	0.9333333333333333	3.6000000000000005	0.9333333333333333	1
https://movie.douban.com/subject/1291828/	0	2.9333333333333336	1	1.9333333333333333	15.266666666666667	4.933333333333334	12.8	3	0
https://movie.douban.com/subject/1291583/	0	1.9333333333333333	2	1	14.200000000000001	1	8.600000000000001	4.933333333333334	0
https://movie.douban.com/subject/4873490/	0	2.6	1.6	1.7333333333333334	8.2	1.7333333333333334	11.266666666666667	2.7333333333333334	0.9333333333333333
https://movie.douban.com/subject/25864085/	0	3.9333333333333336	0.9333333333333333	1	5.666666666666667	4.4	8.466666666666667	1.9333333333333333	0
https://movie.douban.com/subject/1306249/	0	3.7333333333333334	0.9333333333333333	0.8	8.4	2.9333333333333336	7.533333333333333	3.8666666666666667	0
https://movie.douban.com/subject/1302425/	0	2.8666666666666667	1.8	1.8666666666666667	10.4	2.8	7.733333333333334	2.8	0
https://movie.douban.com/subject/4268598/	0	3.9333333333333336	2	1.9333333333333333	7.533333333333334	1	10.0	3.8666666666666667	0
https://movie.douban.com/subject/5912992/	0	2.9333333333333336	1	2.9333333333333336	8.866666666666667	2	6.800000000000001	2	0
https://movie.douban.com/subject/1862151/	0	4.866666666666667	0.9333333333333333	1	8.4	1.7333333333333334	10.0	1	0
https://movie.douban.com/subject/1787291/	0	1.8	0.9333333333333333	1	13.066666666666668	2.8	4.866666666666667	2.8	0
https://movie.douban.com/subject/25723907/	0	2.9333333333333336	0	1.7333333333333334	7.333333333333333	1.6	11.26666666666667	3.5999999999999996	0
https://movie.douban.com/subject/1900841/	0	2.9333333333333336	2	0	10.533333333333335	4	6.666666666666668	2.8	0
https://movie.douban.com/subject/1866479/	0	2.8666666666666667	1.6	0.9333333333333333	9.866666666666665	3.6000000000000005	7.733333333333333	3.866666666666667	0
https://movie.douban.com/subject/3792799/	0	1.8666666666666667	1.7333333333333334	1	7.333333333333333	1.9333333333333333	7.533333333333334	3.7333333333333334	0
https://movie.douban.com/subject/24719063/	0	1.9333333333333333	1.7333333333333334	0.9333333333333333	6.6000000000000005	2.6	6.6000000000000005	1	0
https://movie.douban.com/subject/4202982/	0	1.7333333333333334	0.9333333333333333	1	9.600000000000001	1	10.866666666666669	1.9333333333333333	0
https://movie.douban.com/subject/1298070/	0	4	1	1	10.600000000000001	1.8	7.333333333333333	4.866666666666667	0
https://movie.douban.com/subject/1291843/	0	1.8666666666666667	1	1.8	11.333333333333334	3	6.6	3.9333333333333336	0
https://movie.douban.com/subject/1316510/	0	1.5333333333333332	2	2.8666666666666667	7.333333333333333	1.8	8.466666666666667	2.8666666666666667	0
https://movie.douban.com/subject/26862259/	0	3.333333333333333	0.8	0.9333333333333333	4.3999999999999995	1.9333333333333333	7.066666666666666	3.333333333333333	0.9333333333333333
https://movie.douban.com/subject/1300267/	0	0.9333333333333333	1	2.9333333333333336	11.533333333333333	0.9333333333333333	13.333333333333334	4	0
https://movie.douban.com/subject/1418200/	0	4.8	1.7333333333333334	2.7333333333333334	10.733333333333333	3.4000000000000004	6.733333333333333	2.8	0
https://movie.douban.com/subject/1291571/	0	2.6	1	1	9.600000000000001	1.7333333333333334	10.666666666666668	2.8666666666666667	0
https://movie.douban.com/subject/25726614/	0	1.7333333333333334	0	1.4	10.266666666666667	0	7.6000000000000005	1.8	0
https://movie.douban.com/subject/2353023/	0	1.8666666666666667	0.9333333333333333	2	9.6	1.9333333333333333	7.533333333333334	4.666666666666667	0.9333333333333333
https://movie.douban.com/subject/1292224/	1	3	0.9333333333333333	1.9333333333333333	7.333333333333333	2	6.666666666666667	1.8	0
https://movie.douban.com/subject/3168101/	0	3.7333333333333334	1.6	1.8666666666666667	8.133333333333333	1.7333333333333334	5.4	2.666666666666667	0.3333333333333333
https://movie.douban.com/subject/25798448/	0	2.8666666666666667	0.9333333333333333	0.9333333333333333	6.066666666666666	3.7333333333333334	12.06666666666667	0.8	0
https://movie.douban.com/subject/1297447/	0	2.9333333333333336	0.9333333333333333	4	7.6000000000000005	0	8.666666666666668	3.7333333333333334	0
https://movie.douban.com/subject/1291999/	0	2.8	0.9333333333333333	0	12.200000000000003	1.7333333333333334	8.333333333333334	2.8	0
https://movie.douban.com/subject/3804891/	0	2.9333333333333336	1.7333333333333334	0.9333333333333333	10.733333333333334	3	7.466666666666668	2.8	0
https://movie.douban.com/subject/4237879/	0	2	0.8	1	3.2	1.9333333333333333	8.866666666666667	2.7333333333333334	0.8
https://movie.douban.com/subject/1292401/	0	1.8	0.8	1	6.4	1.8666666666666667	6.266666666666667	2	0
https://movie.douban.com/subject/1305487/	0	3.7333333333333334	0.9333333333333333	0.9333333333333333	10.333333333333334	2.8666666666666667	9.466666666666667	1	0
https://movie.douban.com/subject/3011051/	0	2.8666666666666667	1.9333333333333333	2.9333333333333336	8.466666666666667	1	7.733333333333334	2.666666666666667	0
https://movie.douban.com/subject/1291818/	0	3	0.9333333333333333	0	10.466666666666667	1.7333333333333334	6.733333333333334	1	0
https://movie.douban.com/subject/1482072/	0	1.7333333333333334	1.7333333333333334	1.6	5.800000000000001	1.9333333333333333	8.266666666666667	2.9333333333333336	0
https://movie.douban.com/subject/1295038/	0	3.866666666666667	1	1	9.600000000000001	0.9333333333333333	7.733333333333334	3	0
https://movie.douban.com/subject/26100958/	0	1.7333333333333334	1	1	5.733333333333333	1	9.533333333333335	1	0
https://movie.douban.com/subject/4864908/	0	2.6	0.8	0.9333333333333333	7.666666666666666	3.7333333333333334	7.600000000000001	0.9333333333333333	1.9333333333333333
https://movie.douban.com/subject/1296339/	0	1.8	1	1.8	6.6000000000000005	1.9333333333333333	8.666666666666666	2	0
https://movie.douban.com/subject/2213597/	0	2.8666666666666667	1.8	0.8	6.133333333333334	3.866666666666667	9.600000000000001	2	0
https://movie.douban.com/subject/24751763/	0	1.8	0.9333333333333333	1.4	6.933333333333334	2.666666666666667	9.0	0.9333333333333333	0.3333333333333333
https://movie.douban.com/subject/2043546/	0	2.8	1.7333333333333334	0.9333333333333333	5.866666666666667	1.9333333333333333	6.2	4.800000000000001	0
https://movie.douban.com/subject/1292328/	0	2.9333333333333336	0.9333333333333333	2.666666666666667	9.6	0	10.333333333333334	2.8666666666666667	0
https://movie.douban.com/subject/10533913/	0	2.7333333333333334	0.9333333333333333	0.8	5.933333333333334	1.9333333333333333	6.4	2	1
https://movie.douban.com/subject/1291875/	0	2.8	0.9333333333333333	1.9333333333333333	10.666666666666668	1.9333333333333333	5.2	0	0
https://movie.douban.com/subject/1304447/	0	1.9333333333333333	0.9333333333333333	1.9333333333333333	9.6	1.9333333333333333	5.6000000000000005	0.8	0
https://movie.douban.com/subject/26942674/	0	2.8	0.8	1	9.266666666666667	0	9.0	1.8666666666666667	0.9333333333333333
https://movie.douban.com/subject/3649049/	0	0.9333333333333333	0	0.9333333333333333	12.4	2.8666666666666667	7.2	3.8	0
https://movie.douban.com/subject/7065154/	0	2.8666666666666667	1.8	0.9333333333333333	6.666666666666666	2.666666666666667	7.2	2.7333333333333334	0.9333333333333333
https://movie.douban.com/subject/26614893/	0	2	2	1	4.933333333333334	3.666666666666667	10.533333333333335	1.9333333333333333	0
https://movie.douban.com/subject/25710912/	0	2.666666666666667	0	0.6	5.7333333333333325	2.2	4.666666666666667	2.533333333333333	0
https://movie.douban.com/subject/1294639/	0	2.9333333333333336	1	2.8666666666666667	12.600000000000001	1	11.533333333333335	1.9333333333333333	0
https://movie.douban.com/subject/25798222/	0	2.8666666666666667	0.9333333333333333	1	6.933333333333334	2.9333333333333336	9.666666666666666	1.9333333333333333	0
https://movie.douban.com/subject/1309163/	0	3.866666666666667	0.9333333333333333	0	9.6	2.7333333333333334	4.533333333333333	4.666666666666667	0
https://movie.douban.com/subject/25986662/	0	2.8666666666666667	1.8	0.9333333333333333	4.466666666666667	2.466666666666667	6.266666666666667	1.8666666666666667	1
https://movie.douban.com/subject/24745500/	0	1	0	0.9333333333333333	5.333333333333334	0.9333333333333333	9.466666666666667	2.7333333333333334	0
https://movie.douban.com/subject/5045678/	0	1.8666666666666667	0.9333333333333333	0.8	5.266666666666667	0.9333333333333333	8.666666666666666	0.8	0.9333333333333333
https://movie.douban.com/subject/1297192/	0	1.8	2	2	5.666666666666667	0	7.6000000000000005	0	0
https://movie.douban.com/subject/1828115/	0	2.666666666666667	1.7333333333333334	1.8	4.666666666666667	1.5333333333333332	7.533333333333334	2.9333333333333336	0
https://movie.douban.com/subject/1291545/	0	3.866666666666667	1	1.9333333333333333	6.066666666666666	3.9333333333333336	7.333333333333333	1	0
https://movie.douban.com/subject/3025375/	0	1.8666666666666667	0	0.9333333333333333	4.866666666666666	1.8666666666666667	9.933333333333335	0.9333333333333333	0
https://movie.douban.com/subject/21324900/	0.8	1.7333333333333334	0.8	1.6	6.0	3.4000000000000004	9.0	1.9333333333333333	0
https://movie.douban.com/subject/25983044/	0	3.7333333333333334	0	0	4.466666666666667	2.9333333333333336	7.2	1.8666666666666667	0
https://movie.douban.com/subject/25773932/	0	1.9333333333333333	0.9333333333333333	1	7.133333333333333	1.8666666666666667	5.933333333333334	2.8	0
https://movie.douban.com/subject/6307447/	0	2.9333333333333336	1.9333333333333333	2	12.266666666666667	2.9333333333333336	9.533333333333333	2.8666666666666667	0
https://movie.douban.com/subject/1783457/	0	2.8	1.7333333333333334	0.9333333333333333	2.7333333333333334	2.666666666666667	7.133333333333334	3.8	0
https://movie.douban.com/subject/1293172/	0	1.9333333333333333	0.9333333333333333	1	10.8	2.9333333333333336	8.600000000000001	1.9333333333333333	0
https://movie.douban.com/subject/10463953/	0	2.8666666666666667	0.8	0.9333333333333333	4.733333333333333	1.7333333333333334	8.133333333333333	3.8	0
https://movie.douban.com/subject/3072124/	0	2	2	0.8	6.666666666666667	3.866666666666667	5.666666666666667	2.9333333333333336	0
https://movie.douban.com/subject/10807909/	0	1.9333333333333333	0	0.9333333333333333	5.333333333333334	1.9333333333333333	6.466666666666667	2.8	0
https://movie.douban.com/subject/21360417/	0	3	1.8666666666666667	1.9333333333333333	9.733333333333334	0.9333333333333333	6.733333333333334	2.7333333333333334	0
https://movie.douban.com/subject/25980443/	0	2.9333333333333336	0.8	0	8.533333333333333	1.7333333333333334	9.466666666666669	1.9333333333333333	0
https://movie.douban.com/subject/3734112/	0	1	0.8	0.9333333333333333	6.466666666666667	2.8	6.333333333333334	3.466666666666667	0
https://movie.douban.com/subject/3205624/	0	1.9333333333333333	1	0.8	2.666666666666667	1	7.533333333333334	4.466666666666667	0
https://movie.douban.com/subject/3395373/	0	2.8	1	1.8666666666666667	11.066666666666668	2	6.4	1.9333333333333333	0
https://movie.douban.com/subject/1418834/	0	3	0.8	1.9333333333333333	5.2666666666666675	1.9333333333333333	7.533333333333333	1	0
https://movie.douban.com/subject/26787574/	0	2.9333333333333336	0.8	0.9333333333333333	7.733333333333334	1	7.866666666666667	1.9333333333333333	0
https://movie.douban.com/subject/26289144/	1	2.533333333333333	0	0.9333333333333333	8.933333333333334	1	5.666666666666667	2.666666666666667	0.9333333333333333
https://movie.douban.com/subject/25917973/	0	2.8	1.9333333333333333	2	2.9333333333333336	2.9333333333333336	7.0	0	0
https://movie.douban.com/subject/25895276/	0	1.6	0.8	0.9333333333333333	5.533333333333333	0.9333333333333333	5.666666666666666	3.2	0
https://movie.douban.com/subject/4305436/	0	1.9333333333333333	1	2.466666666666667	7.2	0.9333333333333333	4.866666666666667	2.8666666666666667	0
https://movie.douban.com/subject/3313801/	0	2.4000000000000004	0.8	0.9333333333333333	3.333333333333333	2.7333333333333334	7.666666666666667	2.533333333333333	0
https://movie.douban.com/subject/1291557/	0	3.7333333333333334	0.9333333333333333	1	9.666666666666668	1.9333333333333333	9.466666666666667	1.7333333333333334	0
https://movie.douban.com/subject/3005875/	0	2.7333333333333334	1.9333333333333333	1.9333333333333333	5.2	2.666666666666667	9.866666666666667	3.9333333333333336	0
https://movie.douban.com/subject/26393561/	0	2.9333333333333336	0.9333333333333333	1	9.533333333333335	0	8.333333333333334	0	0
https://movie.douban.com/subject/27133303/	0	1.7333333333333334	0.9333333333333333	0.9333333333333333	6.199999999999999	2.666666666666667	6.733333333333334	0.8	0
https://movie.douban.com/subject/1301753/	0	2.8666666666666667	1	1.9333333333333333	10.066666666666666	2.9333333333333336	5.733333333333333	2	0
https://movie.douban.com/subject/3530403/	0	1.7333333333333334	0.9333333333333333	1	7.466666666666667	3.466666666666667	7.6000000000000005	2.8666666666666667	0.8
https://movie.douban.com/subject/1292849/	0	3.8	2	2.9333333333333336	9.333333333333334	4	10.666666666666668	3	0
https://movie.douban.com/subject/1293350/	0	2.8666666666666667	1	0	12.133333333333335	3.9333333333333336	5.866666666666667	2.9333333333333336	0
https://movie.douban.com/subject/1305164/	0	2.9333333333333336	1	0	7.6000000000000005	0.9333333333333333	9.2	2.8	0
https://movie.douban.com/subject/10727641/	0	1.9333333333333333	0.8	0.9333333333333333	8.133333333333335	1.8666666666666667	5.133333333333334	0	0
https://movie.douban.com/subject/1293182/	1	3	1	2	10.533333333333333	3.9333333333333336	6.866666666666667	2.9333333333333336	0
https://movie.douban.com/subject/26270502/	0	0.9333333333333333	1.5333333333333332	0.8	5.066666666666666	2.8666666666666667	6.0	2.7333333333333334	1
https://movie.douban.com/subject/10741834/	0	2.8	1.6	0.8	6.866666666666666	1.7333333333333334	5.8	2.533333333333333	0
https://movie.douban.com/subject/1291543/	0	3.666666666666667	0.8	1.8	4.466666666666667	1.9333333333333333	7.666666666666667	3.8666666666666667	0
https://movie.douban.com/subject/26336252/	0	3.7333333333333334	1.8	1.7333333333333334	11.066666666666668	2.8	6.6000000000000005	3.8	0
https://movie.douban.com/subject/5327268/	0	1.9333333333333333	0	1	4.733333333333333	2.666666666666667	6.733333333333333	1.8666666666666667	0
https://movie.douban.com/subject/24404677/	0	1.9333333333333333	0.8	0.8	5.8	1.7333333333333334	8.8	2.533333333333333	1
https://movie.douban.com/subject/25716096/	0	1.8666666666666667	1.8666666666666667	0	10.333333333333334	1.9333333333333333	5.6	1	0
https://movie.douban.com/subject/23761370/	0	4	1.9333333333333333	1.8	6.800000000000001	0	7.333333333333333	3.7333333333333334	0
https://movie.douban.com/subject/1291990/	0	1	1	1.8	8.200000000000001	0.9333333333333333	8.333333333333334	1.9333333333333333	0
https://movie.douban.com/subject/1291858/	0	1.9333333333333333	2	0	10.866666666666667	3.9333333333333336	7.533333333333333	2	0
https://movie.douban.com/subject/1291870/	0	2.9333333333333336	0.9333333333333333	2	10.866666666666669	1.8666666666666667	4.800000000000001	1	0
https://movie.douban.com/subject/21352814/	0	3.7333333333333334	1.7333333333333334	1.8666666666666667	8.733333333333334	0.9333333333333333	7.800000000000001	0	0
https://movie.douban.com/subject/10440138/	0	2.8666666666666667	0.8	1.9333333333333333	8.533333333333333	1.5333333333333332	4.666666666666667	2.8666666666666667	0.9333333333333333
https://movie.douban.com/subject/2300586/	0	1.8666666666666667	1.7333333333333334	0.8	6.733333333333334	3.7333333333333334	6.733333333333333	1	0
https://movie.douban.com/subject/4202302/	0	1	0.9333333333333333	0	5.533333333333334	1	6.866666666666667	3.7333333333333334	0
https://movie.douban.com/subject/10741643/	0	1.8666666666666667	0.9333333333333333	1.7333333333333334	7.733333333333333	2.8666666666666667	7.933333333333334	0.9333333333333333	0
https://movie.douban.com/subject/3793783/	0	3.7333333333333334	0.9333333333333333	2.666666666666667	5.933333333333334	3.8666666666666667	6.333333333333333	1.8666666666666667	0
https://movie.douban.com/subject/1291552/	0	2	1	1	9.600000000000001	1.8666666666666667	6.800000000000001	2	0
https://movie.douban.com/subject/4746257/	0	1.9333333333333333	0.9333333333333333	1.7333333333333334	6.800000000000001	3.6000000000000005	4.933333333333334	2.7333333333333334	1
https://movie.douban.com/subject/26374197/	0	1.9333333333333333	1.8	0.9333333333333333	6.666666666666667	0.8	7.6	1.8	0.8
https://movie.douban.com/subject/1303394/	0	2.8	0.9333333333333333	3.7333333333333334	5.866666666666667	0.8	7.8	0.9333333333333333	0
https://movie.douban.com/subject/1296736/	0	3.9333333333333336	0.9333333333333333	1.9333333333333333	10.333333333333334	1	7.800000000000001	1.8666666666666667	0
https://movie.douban.com/subject/26752852/	0	0.9333333333333333	0	1.6	4.866666666666666	0.9333333333333333	9.0	3.466666666666667	0
https://movie.douban.com/subject/1292274/	0	1.9333333333333333	1.7333333333333334	1.8666666666666667	8.733333333333334	1.9333333333333333	4.8	2.8666666666666667	0
https://movie.douban.com/subject/1297359/	0	1	1	0	11.0	0.9333333333333333	4.800000000000001	0.9333333333333333	0
https://movie.douban.com/subject/6126442/	0	2.4000000000000004	0.9333333333333333	0.6	7.133333333333333	1.1333333333333333	7.0	0.8	0.3333333333333333
https://movie.douban.com/subject/4917726/	0	1.9333333333333333	0.9333333333333333	2.7333333333333334	9.4	1	6.733333333333333	2.9333333333333336	0
https://movie.douban.com/subject/30331149/	0	0	0.9333333333333333	1	6.066666666666667	0.9333333333333333	4.666666666666667	2.8	1
https://movie.douban.com/subject/24743711/	0	0.9333333333333333	0	1.9333333333333333	7.466666666666667	1.8666666666666667	6.2	0	0
https://movie.douban.com/subject/1293359/	0	2.666666666666667	0.8	0.9333333333333333	5.266666666666667	0.9333333333333333	2.8	0	0
https://movie.douban.com/subject/7054120/	0	1	2	0	7.933333333333334	1	9.8	1.9333333333333333	0
https://movie.douban.com/subject/1292679/	0	1	0.8	0	11.466666666666667	1.8666666666666667	5.8	2	0
https://movie.douban.com/subject/1760622/	0	2.9333333333333336	0.9333333333333333	0.9333333333333333	3.666666666666667	0.9333333333333333	9.333333333333334	1.9333333333333333	0
https://movie.douban.com/subject/1300299/	0	2.7333333333333334	0.9333333333333333	2.8	9.466666666666667	1.8666666666666667	5.733333333333334	0.9333333333333333	0
https://movie.douban.com/subject/3011235/	0	2.9333333333333336	0.9333333333333333	0.8	8.4	0.9333333333333333	6.133333333333333	2.9333333333333336	1
https://movie.douban.com/subject/1866473/	0	3.7333333333333334	0.8	1.8666666666666667	4.3999999999999995	0.8	6.0	2.7333333333333334	0.9333333333333333
https://movie.douban.com/subject/4876722/	0	1.8666666666666667	0.8	1.8	7.466666666666667	1.8666666666666667	4.266666666666667	0.9333333333333333	0
https://movie.douban.com/subject/6517421/	0	1.7333333333333334	0.6	1.8666666666666667	4.533333333333333	1	7.133333333333334	1.8	1
https://movie.douban.com/subject/5323968/	0	1.9333333333333333	0.8	1.9333333333333333	6.066666666666666	2.533333333333333	6.0	3.8	1
https://movie.douban.com/subject/3068206/	0	1	0.8	0.9333333333333333	8.533333333333333	3.6000000000000005	8.266666666666667	2	0
https://movie.douban.com/subject/1291572/	0	2	1	1	8.333333333333334	1.7333333333333334	5.866666666666667	2.9333333333333336	0
https://movie.douban.com/subject/10485647/	0	3.1333333333333337	0.9333333333333333	1.9333333333333333	4.733333333333333	1.8	4.266666666666667	4.6000000000000005	0
https://movie.douban.com/subject/25820460/	0	3.9333333333333336	0	0.9333333333333333	4.0	0	6.8	1.9333333333333333	0
https://movie.douban.com/subject/1793929/	0	1.9333333333333333	0.9333333333333333	1.8666666666666667	7.933333333333334	2.7333333333333334	6.3999999999999995	2.8666666666666667	0
https://movie.douban.com/subject/1297630/	0	2	0.9333333333333333	1.8666666666666667	2.8666666666666667	2.9333333333333336	5.666666666666667	0	0
https://movie.douban.com/subject/6390823/	0	1.9333333333333333	0	0.9333333333333333	3.466666666666667	0.9333333333333333	7.066666666666666	1.9333333333333333	0
https://movie.douban.com/subject/1292062/	0	1.8	1	1.9333333333333333	8.533333333333333	1	7.4	0	1
https://movie.douban.com/subject/1292217/	0	3.7333333333333334	1	1.7333333333333334	9.933333333333334	2.8666666666666667	2.7333333333333334	0	0
https://movie.douban.com/subject/1291578/	0	4.8	0.9333333333333333	1.9333333333333333	7.333333333333334	0.9333333333333333	7.466666666666667	2	0
https://movie.douban.com/subject/26647117/	0	1.8666666666666667	1.9333333333333333	2	4.133333333333334	2.8	4.866666666666667	0	0
https://movie.douban.com/subject/3274505/	0	1.9333333333333333	1.6	0.9333333333333333	7.933333333333334	2.8	7.4	2.8666666666666667	1
https://movie.douban.com/subject/3072086/	0	0.9333333333333333	0	0	7.666666666666667	1.9333333333333333	3.6000000000000005	2.9333333333333336	0
https://movie.douban.com/subject/6534248/	0	1	0.9333333333333333	2.8666666666666667	7.4	0.9333333333333333	4.466666666666667	2.9333333333333336	1
https://movie.douban.com/subject/25662327/	0	3.5999999999999996	0.9333333333333333	1.8666666666666667	1.7333333333333334	1.6	6.866666666666666	1.7333333333333334	0
https://movie.douban.com/subject/11589036/	0	1.7333333333333334	0	0.9333333333333333	4.0	0	10.133333333333333	0.9333333333333333	0.8
https://movie.douban.com/subject/1305690/	0	1.9333333333333333	0.9333333333333333	1	9.733333333333334	0	4.666666666666667	2.8666666666666667	0
https://movie.douban.com/subject/1303021/	0	2	1	0	11.333333333333334	3.8	7.733333333333333	1	0
https://movie.douban.com/subject/3596502/	0	2.8666666666666667	0.8	1.5333333333333332	5.3999999999999995	2.8666666666666667	5.8	3.466666666666667	0
https://movie.douban.com/subject/26662193/	0	1.7333333333333334	0	0.3333333333333333	5.933333333333333	0.8	3.4666666666666663	3.333333333333333	0.9333333333333333
https://movie.douban.com/subject/27615441/	0	2.8666666666666667	0.9333333333333333	2.9333333333333336	8.8	3	2	2	0
https://movie.douban.com/subject/1299131/	1	1.9333333333333333	1	0	6.466666666666667	4.933333333333334	8.533333333333333	3	0
https://movie.douban.com/subject/1292286/	0	3.666666666666667	0	1.9333333333333333	4.266666666666667	2	6.333333333333333	1.9333333333333333	0
https://movie.douban.com/subject/25724855/	0	2.9333333333333336	0.9333333333333333	1	6	0.9333333333333333	5.733333333333333	1	0
https://movie.douban.com/subject/3233635/	0	1.8666666666666667	0.9333333333333333	1.9333333333333333	6.266666666666667	0.9333333333333333	10.866666666666667	2.8666666666666667	0
https://movie.douban.com/subject/6722879/	0	1.8	0.9333333333333333	0	4.6	1.7333333333333334	6.666666666666667	2	0
https://movie.douban.com/subject/25884801/	0	2.666666666666667	0	1.8666666666666667	3.6000000000000005	1.9333333333333333	5.133333333333334	0.8	0
https://movie.douban.com/subject/1578714/	0	0	1.5333333333333332	1.5333333333333332	9.733333333333333	0	7.8	1.8666666666666667	0
https://movie.douban.com/subject/26683723/	0	1.7333333333333334	0	0.8	2.6	0.8	4.533333333333333	0.8	0
https://movie.douban.com/subject/5977835/	0	1.7333333333333334	0	1	7.666666666666667	1.9333333333333333	5.666666666666667	2.7333333333333334	0
https://movie.douban.com/subject/26630781/	0.9333333333333333	4.3999999999999995	0	1	5.866666666666666	1.8	7.666666666666666	0.8	0
https://movie.douban.com/subject/1432146/	0	3.7333333333333334	1.7333333333333334	0.9333333333333333	1.9333333333333333	0.9333333333333333	6.333333333333333	3.666666666666667	0
https://movie.douban.com/subject/1291579/	0	1.8	0.9333333333333333	0.9333333333333333	6.066666666666666	0	7.466666666666667	1.8666666666666667	0
https://movie.douban.com/subject/1301168/	0	1.9333333333333333	0	2.9333333333333336	3.7333333333333334	1.8666666666666667	3.8	1.9333333333333333	0
https://movie.douban.com/subject/26925317/	0	1.8666666666666667	1.7333333333333334	2.8	2	1.9333333333333333	6.133333333333334	0.9333333333333333	0.9333333333333333
https://movie.douban.com/subject/25765735/	0	0.9333333333333333	0	0.9333333333333333	4.533333333333333	0.8	8.266666666666667	3.6000000000000005	0
https://movie.douban.com/subject/6386345/	0	1.9333333333333333	0.8	0	8.333333333333334	2.8666666666666667	2.8666666666666663	2.8666666666666667	0
https://movie.douban.com/subject/10577869/	0	1	0.9333333333333333	0	3.666666666666667	0.9333333333333333	3.9333333333333336	2.7333333333333334	0
https://movie.douban.com/subject/25937854/	0	2.8666666666666667	1.8	1	1.9333333333333333	0	7.733333333333333	1	0
https://movie.douban.com/subject/25919910/	0	1.7333333333333334	0	0.9333333333333333	4.8	1	7.066666666666667	0	0.9333333333333333
https://movie.douban.com/subject/6799191/	0	1.7333333333333334	0	0.9333333333333333	7.133333333333334	0.9333333333333333	6.933333333333334	2.666666666666667	0
https://movie.douban.com/subject/6890730/	0	1.8666666666666667	0	0.9333333333333333	8.533333333333333	0.8	8.2	1.8666666666666667	0
https://movie.douban.com/subject/1438652/	0	1.9333333333333333	1.9333333333333333	2.666666666666667	9.466666666666667	1.9333333333333333	4.6	0.9333333333333333	0
https://movie.douban.com/subject/1292528/	0	1.9333333333333333	0.9333333333333333	0.8	8.933333333333334	2.9333333333333336	2.8	2.8	0
https://movie.douban.com/subject/1292287/	0	2.8666666666666667	0	3.9333333333333336	3.6000000000000005	1.3333333333333333	6.733333333333333	1.8666666666666667	0
https://movie.douban.com/subject/25754848/	0	0	0	2	2.8	0	4.733333333333333	2.8	1
https://movie.douban.com/subject/3016187/	0	1	0.9333333333333333	0.9333333333333333	8.8	1	7.866666666666667	2	1
https://movie.douban.com/subject/2161696/	1	0.8	0	0	3.4	0.9333333333333333	6.266666666666667	2.666666666666667	0
https://movie.douban.com/subject/1308817/	0	1.7333333333333334	0	0.9333333333333333	5.533333333333333	1	4.866666666666666	1.9333333333333333	0
https://movie.douban.com/subject/21941804/	0	1.8	0	1.7333333333333334	5.333333333333333	1.9333333333333333	3.466666666666667	0.9333333333333333	0
https://movie.douban.com/subject/1304073/	0	2.8666666666666667	0	0.9333333333333333	2.9333333333333336	0	7.199999999999999	1.8	0
https://movie.douban.com/subject/1307811/	0	2.9333333333333336	0.8	1	5.466666666666667	0	5.533333333333333	1.8	0
https://movie.douban.com/subject/1292434/	0	1.8	0.9333333333333333	1	5.800000000000001	0.9333333333333333	3.9333333333333336	0	0
https://movie.douban.com/subject/1291550/	0	0.9333333333333333	0.8	0	4.466666666666667	0.9333333333333333	4.6000000000000005	2.8666666666666667	0
https://movie.douban.com/subject/1304102/	0	1.7333333333333334	1.9333333333333333	0.9333333333333333	5.133333333333333	3.7333333333333334	4.466666666666667	2	0
https://movie.douban.com/subject/26628357/	0	1.8	0.9333333333333333	1.9333333333333333	6.533333333333334	0	10.133333333333333	1.9333333333333333	0
https://movie.douban.com/subject/25890005/	0	1.9333333333333333	0	0	4.066666666666666	1.8666666666666667	9.266666666666667	0	0
https://movie.douban.com/subject/1293318/	0	1	1.8666666666666667	0	5.266666666666667	1.7333333333333334	4.466666666666667	3	0
https://movie.douban.com/subject/10605978/	0	0.6	0	0.8	5.533333333333333	0.6	6.733333333333333	1.6	0
https://movie.douban.com/subject/20645098/	0	2.533333333333333	0	0	5.533333333333333	2.8666666666666667	10.533333333333333	0.9333333333333333	0
https://movie.douban.com/subject/1302827/	0	1.8666666666666667	0.9333333333333333	1	4.3999999999999995	1.7333333333333334	3.4000000000000004	1.7333333333333334	0
https://movie.douban.com/subject/25814705/	0	1	1.9333333333333333	0.8	4.666666666666667	0	5.866666666666667	2	0
https://movie.douban.com/subject/21937452/	0	2.9333333333333336	0.9333333333333333	0	8.600000000000001	0	2.8	1	0
https://movie.douban.com/subject/2135981/	0	1.9333333333333333	0.6	0	1.7333333333333334	1.8	4.8	2.333333333333333	0
https://movie.douban.com/subject/25807345/	0	1.9333333333333333	1.8666666666666667	0.9333333333333333	4	1.7333333333333334	2.666666666666667	1	0
https://movie.douban.com/subject/4271894/	0	0.8	0.8	0.8	4.533333333333333	1.7333333333333334	5.866666666666666	2.533333333333333	0
https://movie.douban.com/subject/3993588/	0	1.9333333333333333	0	0.9333333333333333	8.333333333333334	0.9333333333333333	8.4	1.8666666666666667	0
https://movie.douban.com/subject/1292262/	0	2.9333333333333336	1	0	12.066666666666668	2	6.8	2.7333333333333334	0
https://movie.douban.com/subject/2131940/	0	1.8666666666666667	0	1	4.266666666666667	0.9333333333333333	6.866666666666667	0.8	0.8
https://movie.douban.com/subject/3986493/	0	1	0	0	1.8666666666666667	0	8.866666666666667	1	0
https://movie.douban.com/subject/3592854/	0	2	2	1.9333333333333333	2.533333333333333	2.666666666666667	6.666666666666667	2.9333333333333336	0
https://movie.douban.com/subject/2268359/	0	1.9333333333333333	0.8	0	0.9333333333333333	0.9333333333333333	4.466666666666667	1.8	0
https://movie.douban.com/subject/3041806/	0	0.9333333333333333	1	1.8	2.8666666666666667	0	7.4	4.466666666666667	1
https://movie.douban.com/subject/26761416/	0	0	0.9333333333333333	0	3.7333333333333334	1.8	4.933333333333334	0.9333333333333333	0
https://movie.douban.com/subject/5964718/	0	1.9333333333333333	0.9333333333333333	0.9333333333333333	9.200000000000001	1.9333333333333333	6.666666666666667	1.9333333333333333	0
https://movie.douban.com/subject/24753477/	0	0	0.9333333333333333	0.9333333333333333	4.533333333333333	1.8666666666666667	7.2	1.8666666666666667	0
https://movie.douban.com/subject/10512661/	0	2.533333333333333	0.9333333333333333	0.8	7.333333333333333	0.9333333333333333	6.666666666666667	0	0
https://movie.douban.com/subject/25801066/	0	0.8	0.9333333333333333	1.1333333333333333	2.2	0	9.133333333333333	3.0666666666666664	0.9333333333333333
https://movie.douban.com/subject/5322596/	0	1.9333333333333333	0.9333333333333333	0	8.866666666666667	1.8666666666666667	4.666666666666667	2.9333333333333336	0
https://movie.douban.com/subject/25870084/	0	2.6	0	1.7333333333333334	5.333333333333334	0.8	6.666666666666667	1.8666666666666667	0
https://movie.douban.com/subject/1297052/	0	1.9333333333333333	1.9333333333333333	0	6.466666666666667	0	4.8	1	0
https://movie.douban.com/subject/26811587/	0	0.8	1.8666666666666667	1.8666666666666667	4.666666666666667	1.9333333333333333	4.666666666666667	1	0
https://movie.douban.com/subject/24750126/	0	2	1.9333333333333333	0.9333333333333333	5.6000000000000005	2.7333333333333334	10.8	1.9333333333333333	0
https://movie.douban.com/subject/3158990/	0	1.7333333333333334	0.8	0	6.866666666666667	0	8.466666666666669	2.8666666666666667	0
https://movie.douban.com/subject/1937946/	0	1.8	1	1	3.466666666666667	0.9333333333333333	0.9333333333333333	0.9333333333333333	0
https://movie.douban.com/subject/1961963/	0	1.6	0.8	0.6	3.5333333333333337	2.533333333333333	5.333333333333334	2.333333333333333	0
https://movie.douban.com/subject/7046723/	0	1.9333333333333333	1.8	1.8666666666666667	4.2	3.7333333333333334	8.266666666666667	1.7333333333333334	0
https://movie.douban.com/subject/4896304/	0	0.9333333333333333	0.8	0	7.4	0.8	8.533333333333333	1.8666666666666667	0.9333333333333333
https://movie.douban.com/subject/24753810/	0	2.8	0	0.9333333333333333	9.333333333333334	0.8	7.066666666666666	2.533333333333333	0
https://movie.douban.com/subject/5300054/	0	0	0.9333333333333333	0	7.6000000000000005	1.8666666666666667	6.800000000000001	0.9333333333333333	0
https://movie.douban.com/subject/1303037/	0	1.9333333333333333	0.9333333333333333	1	6.733333333333333	1	4.933333333333334	1	0
https://movie.douban.com/subject/2303845/	0	0.6	0.8	0	7.800000000000001	0	7.866666666666666	0.8	0
https://movie.douban.com/subject/1966182/	0	1	1	1	7.133333333333334	0.9333333333333333	7.2666666666666675	2.8666666666666667	0.8
https://movie.douban.com/subject/4915857/	0	0.9333333333333333	0.9333333333333333	1.8666666666666667	5.333333333333334	1.7333333333333334	5.733333333333333	2.7333333333333334	0
https://movie.douban.com/subject/1297574/	0	2.8666666666666667	0.8	2	5.666666666666667	1	4.533333333333333	1.8666666666666667	0
https://movie.douban.com/subject/26260853/	0	3.666666666666667	0	0.8	4.466666666666667	0.9333333333333333	7.933333333333334	1.9333333333333333	0
https://movie.douban.com/subject/26416603/	1	0.9333333333333333	0.9333333333333333	0.9333333333333333	9.666666666666668	1	6.466666666666667	2.8666666666666667	0
https://movie.douban.com/subject/26425068/	0	1.8666666666666667	0	0.9333333333333333	8.2	1.7333333333333334	4.533333333333333	1.8666666666666667	0
https://movie.douban.com/subject/2973079/	0	1	1	1	5.866666666666667	1.6	2.3333333333333335	1.7333333333333334	0.9333333333333333
https://movie.douban.com/subject/1294408/	0	3	0.9333333333333333	1	3.666666666666667	0.9333333333333333	7.866666666666667	2.8666666666666667	0
https://movie.douban.com/subject/4191644/	0	0.8	0	0.8	2.9333333333333336	0.9333333333333333	4.4	1.9333333333333333	0
https://movie.douban.com/subject/10831445/	0	1.7333333333333334	1	0.8	4.6000000000000005	0.8	6.2	0	0
https://movie.douban.com/subject/11510624/	0	2.8	0	1	9.266666666666667	1.7333333333333334	7.466666666666668	0.8	0
https://movie.douban.com/subject/6311303/	0	2.8666666666666667	0.8	1	7.533333333333334	0.9333333333333333	7.7333333333333325	1.7333333333333334	0.6
https://movie.douban.com/subject/3718279/	0	3.8	0.8	1.6	4.733333333333333	0.8	5.866666666666666	2.533333333333333	0.9333333333333333
https://movie.douban.com/subject/2156528/	0	1	0.9333333333333333	1	3.8666666666666667	0	5.933333333333334	2.9333333333333336	0
https://movie.douban.com/subject/2133323/	0	0	0.9333333333333333	0.9333333333333333	7.733333333333333	0	6.466666666666667	1	0
https://movie.douban.com/subject/1309199/	0	1.9333333333333333	0.8	0.8	3.333333333333333	0.9333333333333333	5.666666666666667	1.8666666666666667	0
https://movie.douban.com/subject/3626416/	0	1	0.9333333333333333	2.8	4.266666666666667	1.9333333333333333	9.933333333333334	3.666666666666667	0
https://movie.douban.com/subject/26606743/	0	0.8	0	0.8	4.066666666666666	1.7333333333333334	6.2	1.7333333333333334	0.9333333333333333
https://movie.douban.com/subject/25954475/	0	1.8	0.9333333333333333	0	5.4	0.9333333333333333	3.7333333333333334	1.8	0
https://movie.douban.com/subject/26259677/	0	0.9333333333333333	0	1.8	2.8666666666666667	1.7333333333333334	5.466666666666667	1.7333333333333334	0
https://movie.douban.com/subject/1297518/	0	1.8	0.9333333333333333	0.9333333333333333	3.7333333333333334	1	5.866666666666667	1.7333333333333334	0
https://movie.douban.com/subject/3592853/	0	0.9333333333333333	0.6	0.9333333333333333	4.133333333333334	0.6	4.6	2.4000000000000004	0
https://movie.douban.com/subject/25895901/	0	1	1.8666666666666667	0.9333333333333333	4.866666666666667	0	4.533333333333333	0.9333333333333333	0
https://movie.douban.com/subject/25814707/	0	1.8	1.9333333333333333	0.9333333333333333	2.8666666666666667	0	6.933333333333334	1	0
https://movie.douban.com/subject/20376577/	0	0.3333333333333333	0	0.6	4.0	0	5.2	0.8	0
https://movie.douban.com/subject/3231742/	0	2	0.9333333333333333	0.8	3.533333333333333	1.7333333333333334	4.2	1.9333333333333333	0.8
https://movie.douban.com/subject/3008247/	0	2	0.9333333333333333	1	6.666666666666667	0.8	5.866666666666667	2	0
https://movie.douban.com/subject/1291585/	0	1	0.9333333333333333	0	6.266666666666667	0.9333333333333333	7.8	1.7333333333333334	0
https://movie.douban.com/subject/6874403/	0	1.9333333333333333	0.9333333333333333	0	4.8	0.8	4.6000000000000005	1	0
https://movie.douban.com/subject/20505982/	0	2.666666666666667	0	0.8	7.4	0.9333333333333333	8.8	0.8	0
https://movie.douban.com/subject/26322792/	0	2.6	0.8	2.2	5.933333333333334	2.0	7.266666666666666	0.9333333333333333	0
https://movie.douban.com/subject/25786060/	0	0.9333333333333333	0	0.9333333333333333	2.6	0	6.333333333333334	2.8	0
https://movie.douban.com/subject/26727273/	0	0	0	1	6.466666666666667	0.9333333333333333	3.9333333333333336	3.8	1
https://movie.douban.com/subject/26816383/	0	2.533333333333333	0	0	1.4666666666666668	0.9333333333333333	6.2666666666666675	1.6	0
https://movie.douban.com/subject/6860160/	0	1.8666666666666667	0	1	6.466666666666667	3.7333333333333334	10.266666666666667	2.9333333333333336	0
https://movie.douban.com/subject/25769362/	0	1	0.9333333333333333	0.9333333333333333	5.6000000000000005	1	3.2	1	0
https://movie.douban.com/subject/3442220/	0	2.9333333333333336	1	1.8666666666666667	10.4	2.8	6.800000000000001	2	0
https://movie.douban.com/subject/25837262/	0	0.9333333333333333	0.9333333333333333	0	6.666666666666667	1	5.733333333333333	3	0
https://movie.douban.com/subject/3731581/	0	1.8666666666666667	1	1	5.933333333333334	1	4.6	3.8	0
https://movie.douban.com/subject/26799731/	0	1.9333333333333333	0.8	0	5.066666666666666	1.8	4.733333333333333	1	0
https://movie.douban.com/subject/2124703/	0	1.8666666666666667	1.7333333333333334	2	4.733333333333333	2.8666666666666667	6.133333333333334	0	0
https://movie.douban.com/subject/1794171/	0	4.8	1	1	4.333333333333333	0	5.666666666666667	2.7333333333333334	0
https://movie.douban.com/subject/1296996/	0	1.9333333333333333	0.9333333333333333	0.9333333333333333	5.466666666666667	0.9333333333333333	5.733333333333333	2	0
https://movie.douban.com/subject/10777687/	0	1.9333333333333333	0.9333333333333333	3.866666666666667	7.666666666666667	0.3333333333333333	6.866666666666666	0.9333333333333333	0
https://movie.douban.com/subject/1867345/	0	1.8	0.9333333333333333	0.9333333333333333	3.7333333333333334	1.8666666666666667	6.666666666666668	1.9333333333333333	0
https://movie.douban.com/subject/4319218/	0	0.9333333333333333	0.9333333333333333	0	5.133333333333333	1.8666666666666667	7.0	2.7333333333333334	0
https://movie.douban.com/subject/24875534/	0	0.8	1.7333333333333334	1.9333333333333333	3.5333333333333337	2.8666666666666667	6.066666666666667	0	0
https://movie.douban.com/subject/6873143/	0.8	1.7333333333333334	0	1.7333333333333334	6.0	0.9333333333333333	8.066666666666666	0.8	0
https://movie.douban.com/subject/3071441/	0	1.8	0	1.8666666666666667	5.266666666666667	1	7.8	0.9333333333333333	0
https://movie.douban.com/subject/30170448/	0	2.9333333333333336	0.9333333333333333	1.9333333333333333	5	2	7.733333333333333	0	0
https://movie.douban.com/subject/10808442/	0	1	0.9333333333333333	1	4	1.9333333333333333	6.333333333333333	2	0
https://movie.douban.com/subject/4840388/	0	1.4	0.8	1.5333333333333332	5.066666666666666	0.6	4.3999999999999995	1.6	1.7333333333333334
https://movie.douban.com/subject/26416062/	0	2.666666666666667	0.8	0.8	5.533333333333333	1.8666666666666667	3.333333333333333	1.7333333333333334	0.8
https://movie.douban.com/subject/1303173/	0	4.733333333333333	0.8	0.9333333333333333	3.533333333333333	1.7333333333333334	4.8	0	0
https://movie.douban.com/subject/1296141/	1	1.9333333333333333	1	2	5.933333333333334	0	2.9333333333333336	1.9333333333333333	1
https://movie.douban.com/subject/1295865/	0	1.8666666666666667	0.8	0	6.066666666666666	2	4.733333333333333	1	0
https://movie.douban.com/subject/26147417/	0	0.9333333333333333	0	1.4	4.7333333333333325	0	4.533333333333333	0.9333333333333333	0.6
https://movie.douban.com/subject/1292208/	0	1.9333333333333333	1	0	8.533333333333333	1	6.266666666666667	1	0
https://movie.douban.com/subject/1295409/	0	3	0.9333333333333333	1	7.800000000000001	0	3.8	1.8666666666666667	0
https://movie.douban.com/subject/1959877/	0	0.9333333333333333	0	0.8	3.7333333333333334	1	4.8	2	0
