User_link	1	2	3	4	5	6	7	8
https://www.douban.com/people/zuoqs/	1.0	1.9333333333333333	4.8	0.9333333333333333	1.0	26.000000000000004	1.0	21.06666666666667
https://www.douban.com/people/Diawa/	1.0	2.0	5.6000000000000005	7.666666666666667	1.8666666666666667	9.533333333333335	3.8666666666666667	5.800000000000001
https://www.douban.com/people/2170535/	0.9333333333333333	0.0	4.6000000000000005	11.533333333333335	2.666666666666667	14.066666666666668	2.8	5.066666666666667
https://www.douban.com/people/qdmimi19810920/	8.133333333333333	12.466666666666667	4.6000000000000005	8.733333333333334	1.6	0.0	2.666666666666667	0.0
https://www.douban.com/people/2006114/	7.6000000000000005	5.666666666666667	6.6000000000000005	5.666666666666667	0.0	1.9333333333333333	4.666666666666667	0.0
https://www.douban.com/people/Felven/	9.933333333333334	5.933333333333334	2.0	8.0	0.0	0.0	1.0	4.0
https://www.douban.com/people/GayScript/	13.0	4.0	3.0	6.333333333333333	2.0	3.0	2.0	0.0
https://www.douban.com/people/nwwfewx/	0.9333333333333333	0.0	4.800000000000001	8.733333333333334	0.0	13.0	0.0	1.0
https://www.douban.com/people/159001685/	4.333333333333334	1.0	7.866666666666667	8.8	1.0	3.9333333333333336	2.0	4.0
https://www.douban.com/people/69152850/	0.0	3.866666666666667	0.8	5.6000000000000005	0.0	7.0	7.733333333333334	4.533333333333333
https://www.douban.com/people/AMY-SHUFEN/	8.8	3.0	5.933333333333334	8.8	0.0	0.0	2.0	0.0
https://www.douban.com/people/qsxiao/	6.733333333333333	9.333333333333334	6.800000000000001	2.8666666666666667	0.0	1.0	1.2	3.7333333333333334
https://www.douban.com/people/3064233/	9.8	6.800000000000001	2.9333333333333336	9.866666666666667	0.0	0.0	1.0	0.0
https://www.douban.com/people/glenwang/	0.0	2.0	1.9333333333333333	8.333333333333334	0.8	9.466666666666669	0.0	5.6000000000000005
https://www.douban.com/people/31678134/	4.933333333333334	4.266666666666667	0.8	12.600000000000001	2.533333333333333	2.4000000000000004	0.0	0.0
https://www.douban.com/people/121899897/	1.0	1.8	1.0	5.733333333333334	1.0	5.666666666666667	2.8666666666666667	4.733333333333333
https://www.douban.com/people/154323041/	0.0	0.0	4.0	4.0	0.0	9.8	0.0	6.733333333333333
https://www.douban.com/people/littlebasin/	8.666666666666666	7.6000000000000005	2.0	6.333333333333334	0.8	1.0	1.9333333333333333	0.0
https://www.douban.com/people/qq372420760/	0.0	0.0	1.9333333333333333	12.533333333333335	0.0	0.0	6.866666666666667	1.0
https://www.douban.com/people/zongxireview/	5.866666666666667	0.0	0.9333333333333333	1.0	1.0	13.666666666666668	0.0	0.0
https://www.douban.com/people/52255297/	2.8	5.533333333333333	2.8666666666666667	6.333333333333334	0.0	5.933333333333333	1.0	0.0
https://www.douban.com/people/172315352/	5.733333333333333	0.9333333333333333	3.9333333333333336	5.866666666666667	0.0	2.8666666666666667	0.9333333333333333	1.8666666666666667
https://www.douban.com/people/duomeyouai/	3.8	0.8	5.0	3.8	0.0	7.933333333333334	0.0	1.8666666666666667
https://www.douban.com/people/Leiou/	0.0	1.0	1.9333333333333333	3.9333333333333336	0.0	11.533333333333335	0.0	2.8666666666666667
https://www.douban.com/people/42147851/	10.600000000000001	2.0	3.866666666666667	3.9333333333333336	0.0	0.0	1.0	0.0
https://www.douban.com/people/wqfengjun/	5.933333333333334	7.666666666666667	2.9333333333333336	4.933333333333334	0.9333333333333333	0.0	0.0	0.9333333333333333
https://www.douban.com/people/4708228/	1.6	0.0	2.9333333333333336	11.266666666666666	0.0	2.8	1.8666666666666667	0.0
https://www.douban.com/people/esfog/	1.0	0.9333333333333333	2.0	1.8666666666666667	3.0	5.866666666666667	0.0	5.8
https://www.douban.com/people/94566833/	3.2	1.9333333333333333	8.533333333333335	3.7333333333333334	0.0	1.7333333333333334	3.8	0.0
https://www.douban.com/people/tuxiaoshu/	2.9333333333333336	0.0	1.4	10.8	0.0	3.533333333333333	0.0	1.8
https://www.douban.com/people/168451319/	0.0	0.0	1.5333333333333332	2.0	0.0	15.200000000000003	0.0	3.533333333333333
https://www.douban.com/people/50896903/	3.0	0.0	5.733333333333334	5.666666666666667	0.9333333333333333	2.666666666666667	0.9333333333333333	0.9333333333333333
https://www.douban.com/people/bdleizi/	2.0	5.933333333333334	5.933333333333334	5.0	0.0	3.9333333333333336	0.0	0.9333333333333333
https://www.douban.com/people/48577633/	0.0	0.0	3.9333333333333336	2.9333333333333336	3.0	0.0	1.0	5.8
https://www.douban.com/people/4075628/	0.9333333333333333	0.0	3.7333333333333334	4.733333333333333	2.0	5.533333333333333	0.0	4.800000000000001
https://www.douban.com/people/zhangxunnj/	0.9333333333333333	0.0	2.0	5.466666666666668	0.0	6.800000000000001	0.0	2.8
https://www.douban.com/people/2063155/	0	0	1	4	0	7	0	5
https://www.douban.com/people/zhaopinpro/	1.0	0.9333333333333333	3.7333333333333334	8.666666666666668	0.0	3.6000000000000005	0.0	1.7333333333333334
https://www.douban.com/people/aixiaoke/	5.800000000000001	7.533333333333334	1.9333333333333333	4.866666666666667	2.0	0.0	1.0	0.0
https://www.douban.com/people/mysteryland/	3.0	2.0	1.9333333333333333	2.0	1.0	0.9333333333333333	2.9333333333333336	3.0
https://www.douban.com/people/yangxiaonier/	9.866666666666667	3.0	0.0	2.0	0.0	0.9333333333333333	2.0	1.0
https://www.douban.com/people/miao126/	0.0	0.0	4.0	4.0	1.0	1.9333333333333333	1.0	4.866666666666667
https://www.douban.com/people/lsilence104/	3.7333333333333334	10.600000000000001	0.0	2.8666666666666667	0.0	0.0	0.0	0.0
https://www.douban.com/people/pansin/	0.0	0.0	0.0	1.0	0.0	12.400000000000002	0.9333333333333333	5.6000000000000005
https://www.douban.com/people/tan-mu/	4.733333333333333	0.9333333333333333	3.8	4.666666666666667	0.0	3.6000000000000005	0.9333333333333333	1.8666666666666667
https://www.douban.com/people/topman/	0.0	4.4	0.0	1.9333333333333333	0.0	6.466666666666668	0.0	5.333333333333333
https://www.douban.com/people/kevinou/	2.8	5.733333333333333	0.0	7.6	0.9333333333333333	1.2666666666666666	0.0	0.0
https://www.douban.com/people/anran8833/	2	3	1	4	3	1	1	1
https://www.douban.com/people/blhpx/	0.0	0.0	0.0	0.0	0.0	13.600000000000001	1.8666666666666667	0.0
https://www.douban.com/people/qiuyemantan/	5.533333333333333	2.0	3.7333333333333334	2.9333333333333336	0.0	3.8666666666666667	1.0	3.0
https://www.douban.com/people/82071440/	5.0	3.9333333333333336	1.0	2.9333333333333336	3.0	1.0	0.0	0.0
https://www.douban.com/people/limuhua/	7.933333333333334	2.0	3.0	5.0	0.0	1.9333333333333333	0.0	0.0
https://www.douban.com/people/yangnanjun/	2.0	7.466666666666668	2.9333333333333336	3.9333333333333336	1.0	0.0	0.0	1.0
https://www.douban.com/people/1277260/	3.8	1.9333333333333333	2.8666666666666667	5.0	0.0	0.0	3.866666666666667	2.8
https://www.douban.com/people/52101029/	1.0	1.9333333333333333	3.4000000000000004	9.200000000000001	1.8666666666666667	0.9333333333333333	0.0	2.0
https://www.douban.com/people/40198981/	2.9333333333333336	0.0	3.0	6.0	1.0	0.0	1.8666666666666667	3.0
https://www.douban.com/people/fengxifengxi/	4.6	4.533333333333333	1.7333333333333334	5.8	0.0	0.0	2.8666666666666667	0.0
https://www.douban.com/people/115208055/	3.0	1.0	1.0	3.9333333333333336	0.0	2.8	1.9333333333333333	1.0
https://www.douban.com/people/153981382/	0.0	0.0	0.0	1.0	0.0	4.866666666666667	0.9333333333333333	9.8
https://www.douban.com/people/69460067/	0.0	0.9333333333333333	1.0	3.666666666666667	1.0	7.999999999999999	0.0	2.7333333333333334
https://www.douban.com/people/141908971/	1.8	2.0	0.0	0.0	1.8666666666666667	3.9333333333333336	2.0	4.0
https://www.douban.com/people/shawyim/	0.0	0.0	2.8	3.8666666666666667	0.0	6.400000000000001	0.0	2.8
https://www.douban.com/people/156202408/	8.399999999999999	2.0	1.0	0.0	0.0	0.0	3.9333333333333336	0.0
https://www.douban.com/people/64201440/	0.8	1.9333333333333333	3.533333333333333	3.9333333333333336	0.0	1.9333333333333333	0.0	4.866666666666667
https://www.douban.com/people/flate/	2.0	0.0	5.6	6.6000000000000005	0.0	1.0	0.0	0.0
https://www.douban.com/people/dapenti/	0.0	0.0	2.9333333333333336	1.9333333333333333	0.0	8.4	2.9333333333333336	0.0
https://www.douban.com/people/ysyang/	0.3333333333333333	1.5333333333333332	0.0	7.0	0.0	2.0	1.9333333333333333	2.0
https://www.douban.com/people/149452809/	0.0	0.0	0.9333333333333333	3.866666666666667	0.0	4.666666666666667	2.8666666666666667	2.8666666666666667
https://www.douban.com/people/laobai/	2.8	0.0	5.0	5.0	0.0	3.9333333333333336	0.0	1.9333333333333333
https://www.douban.com/people/hamturi/	8.266666666666666	2.466666666666667	3.133333333333333	1.5333333333333332	0.0	4.866666666666667	0.0	0.0
https://www.douban.com/people/nazigod/	0.0	0.0	2.0	6.8	0.0	5.333333333333333	0.0	1.0
https://www.douban.com/people/79185868/	0.0	0.9333333333333333	1.9333333333333333	2.7333333333333334	0.8	6.266666666666667	1.8666666666666667	2.0
https://www.douban.com/people/elact/	0.0	1.8666666666666667	0.9333333333333333	4.333333333333333	0.0	7.466666666666668	0.0	0.0
https://www.douban.com/people/1312787/	0.0	0.0	1.0	3.0	0.0	10.666666666666668	0.0	0.9333333333333333
https://www.douban.com/people/shouzhu/	5.8	0.0	4.866666666666667	3.8666666666666667	1.0	0.0	1.0	0.0
https://www.douban.com/people/alcudish/	1.0	4.533333333333334	0.0	6.533333333333334	0.0	1.8666666666666667	0.0	2.8666666666666667
https://www.douban.com/people/stonerve/	1.8666666666666667	0.9333333333333333	2.8	3.7333333333333334	0.0	0.9333333333333333	3.8	1.9333333333333333
https://www.douban.com/people/142131132/	2.0	0.0	5.733333333333333	2.0	0.0	4.733333333333333	0.0	2.8
https://www.douban.com/people/chenqiao2015/	5.533333333333333	0.0	2.9333333333333336	3.0	0.0	3.0	0.0	0.0
https://www.douban.com/people/odbook/	9	1	2	2	0	1	0	1
https://www.douban.com/people/42971889/	1.0	0.0	2.9333333333333336	0.0	1.8666666666666667	8.666666666666668	0.9333333333333333	0.0
https://www.douban.com/people/jimmyfang/	0.0	0.0	0.0	0.0	0.0	6.0	0.0	9.933333333333334
https://www.douban.com/people/142263848/	0.0	0.0	0.0	1.0	0.0	10.933333333333334	0.0	1.0
https://www.douban.com/people/crystal5u/	1.0	5.533333333333334	0.0	2.0	0.9333333333333333	3.9333333333333336	0.0	0.0
https://www.douban.com/people/xpwk/	0.0	0.0	0.9333333333333333	3.8	0.0	4.533333333333333	0.9333333333333333	5.4
https://www.douban.com/people/iamsujie/	0.0	0.0	1.8666666666666667	1.9333333333333333	0.0	5.6000000000000005	0.9333333333333333	6.8
https://www.douban.com/people/2119710/	1.0	1.0	3.9333333333333336	4.933333333333334	0.0	0.0	1.0	3.0
https://www.douban.com/people/jackchen/	3.0	1.0	1.0	5.933333333333334	3.0	0.9333333333333333	1.0	1.0
https://www.douban.com/people/54238983/	3.666666666666667	2.8	3.8	2.4	2.0	0.6	0.0	0.8
https://www.douban.com/people/zhudouhaipa/	3.333333333333333	1.8	0.9333333333333333	1.9333333333333333	0.0	3.0	0.9333333333333333	1.7333333333333334
https://www.douban.com/people/cobb_wu/	0.0	3.9333333333333336	1.9333333333333333	1.0	0.0	1.9333333333333333	0.0	3.9333333333333336
https://www.douban.com/people/um1ng/	0.9333333333333333	2.0	3.0	2.9333333333333336	0.9333333333333333	1.0	1.9333333333333333	1.0
https://www.douban.com/people/136499333/	3.7333333333333334	0.9333333333333333	1.7333333333333334	4.533333333333333	0.9333333333333333	0.9333333333333333	0.0	1.7333333333333334
https://www.douban.com/people/optman/	1.0	0.9333333333333333	1.9333333333333333	2.0	1.8666666666666667	4.933333333333334	0.0	0.9333333333333333
https://www.douban.com/people/thuvacuo/	2.0	3.0	2.9333333333333336	3.0	0.0	1.8666666666666667	0.9333333333333333	2.8666666666666667
https://www.douban.com/people/181329825/	0.9333333333333333	0.9333333333333333	0.9333333333333333	4.6	0.0	1.0	2.8666666666666667	2.8
https://www.douban.com/people/1540922/	0.8	0.0	0.8	0.9333333333333333	0.0	9.799999999999999	0.0	2.533333333333333
https://www.douban.com/people/gxwangdi/	0.0	0.0	1.7333333333333334	0.0	0.0	9.733333333333334	0.0	2.0
https://www.douban.com/people/lydy/	2	7	0	3	0	0	0	0
https://www.douban.com/people/ThinkingCat/	0.0	0.0	1.0	1.7333333333333334	2.0	4.866666666666667	0.0	4.8
https://www.douban.com/people/chairmannirvana/	0.0	0.0	0.0	0.0	0.0	4.533333333333334	0.0	8.4
https://www.douban.com/people/36565635/	0.0	0.0	1.8	4.933333333333334	2.666666666666667	1.0	1.0	1.0
https://www.douban.com/people/livingston/	1.9333333333333333	0.0	2.0	5.0	0.0	1.0	0.0	5.0
https://www.douban.com/people/sangwf/	1.0	0.0	2.0	0.0	0.0	5.0	0.0	5.933333333333334
https://www.douban.com/people/leeforce/	2.0	1.9333333333333333	1.0	5.0	0.0	1.9333333333333333	1.0	1.0
https://www.douban.com/people/ouyangzhu/	0.0	8.933333333333334	0.0	2.0	0.0	0.0	1.0	0.9333333333333333
https://www.douban.com/people/sea829/	0.0	0.0	3.0	1.0	0.0	4.933333333333334	0.0	4.933333333333334
https://www.douban.com/people/yican/	2.9333333333333336	5.933333333333334	0.0	3.0	0.0	0.0	0.9333333333333333	1.0
https://www.douban.com/people/145295431/	0.0	0.0	2.0	1.0	0.0	9.866666666666667	0.0	0.9333333333333333
https://www.douban.com/people/159454203/	2.666666666666667	1.0	3.8	4.866666666666667	0.0	0.0	0.9333333333333333	0.0
https://www.douban.com/people/29354820/	1.9333333333333333	0.0	3.8	3.8	0.9333333333333333	2.8	1.0	0.0
https://www.douban.com/people/dimension7/	0.0	0.0	4.6000000000000005	6.733333333333334	0.0	0.9333333333333333	0.0	1.0
https://www.douban.com/people/jiadunzhenji/	0.0	0.0	1.0	3.2	2.0	5.933333333333334	0.0	0.0
https://www.douban.com/people/120516900/	1.8	5.133333333333334	0.0	2.666666666666667	0.9333333333333333	0.0	3.0	0.9333333333333333
https://www.douban.com/people/43217481/	0.9333333333333333	6.2666666666666675	0.9333333333333333	0.0	0.9333333333333333	3.333333333333333	0.0	2.666666666666667
https://www.douban.com/people/49020270/	1.0	1.0	1.0	6.0	0.0	1.9333333333333333	0.0	3.866666666666667
https://www.douban.com/people/jiangxulin/	0.0	0.0	1.0	8.866666666666667	0.0	1.9333333333333333	0.0	0.0
https://www.douban.com/people/cnfeat/	0.0	0.0	4.0	0.0	0.0	8.8	0.0	2.9333333333333336
https://www.douban.com/people/155536787/	0.0	0.0	2.0	3.8666666666666667	0.0	3.533333333333333	0.0	3.6
https://www.douban.com/people/113667090/	1.8666666666666667	2.0	5.866666666666667	1.0	0.0	4.0	0.0	0.0
https://www.douban.com/people/53672944/	2.8666666666666667	0.0	2.8666666666666667	0.0	0.0	1.9333333333333333	2.0	2.0
https://www.douban.com/people/yezzi/	1.0	0.0	0.9333333333333333	2.0	0.0	6.666666666666667	0.0	3.0
https://www.douban.com/people/haizi0001000/	2.9333333333333336	0.0	1.0	1.9333333333333333	0.0	0.9333333333333333	4.933333333333334	0.9333333333333333
https://www.douban.com/people/mado1983/	1.9333333333333333	3.9333333333333336	1.0	6.800000000000001	0.0	0.0	0.0	0.0
https://www.douban.com/people/178542586/	0.9333333333333333	10.266666666666667	0.0	2.8	0.0	0.0	0.0	0.9333333333333333
https://www.douban.com/people/138928695/	2.066666666666667	3.0	2.7333333333333334	5.2	0.0	1.0	0.0	0.0
https://www.douban.com/people/106658069/	0.0	2.0	0.0	3.466666666666667	0.0	2.7333333333333334	3.0	0.8
https://www.douban.com/people/4538601/	0.0	0.0	1.0	0.0	0.0	11.600000000000001	0.0	1.0
https://www.douban.com/people/ijoy/	2.0	1.8	1.0	1.0	0.0	0.0	1.8	3.9333333333333336
https://www.douban.com/people/maichao/	3.7333333333333334	2.666666666666667	2.7333333333333334	2.666666666666667	1.0	0.0	0.9333333333333333	0.8
https://www.douban.com/people/boylinyu/	3.866666666666667	2.466666666666667	1.8666666666666667	1.9333333333333333	0.0	0.0	1.0	2.666666666666667
https://www.douban.com/people/161653857/	0.0	0.0	2.9333333333333336	0.9333333333333333	0.0	3.9333333333333336	2.8	0.9333333333333333
https://www.douban.com/people/35162843/	0.0	0.0	0.9333333333333333	0.0	0.0	11.066666666666668	0.0	3.6000000000000005
https://www.douban.com/people/shenshike/	2.8	1.6	0.0	4.933333333333334	0.0	0.0	0.9333333333333333	2.0
https://www.douban.com/people/10602127/	0	4	0	0	2	3	1	1
https://www.douban.com/people/147524539/	0.0	1.9333333333333333	2.8666666666666667	0.0	0.0	2.0	0.9333333333333333	4.733333333333333
https://www.douban.com/people/johnathan/	0.9333333333333333	0.0	1.9333333333333333	7.666666666666667	0.0	0.9333333333333333	1.0	3.8
https://www.douban.com/people/futureless/	4.0	1.9333333333333333	2.0	1.0	0.0	0.0	2.0	0.0
https://www.douban.com/people/luyutao/	2.9333333333333336	3.0	1.0	6.0	0.0	0.0	0.0	1.0
https://www.douban.com/people/115637203/	2.0	0.0	0.9333333333333333	6.866666666666667	1.0	1.0	0.0	0.0
https://www.douban.com/people/167077359/	2.9333333333333336	2.8666666666666667	3.0	0.0	1.0	1.0	0.0	1.0
https://www.douban.com/people/50282970/	0.0	0.9333333333333333	3.0	1.0	0.0	5.866666666666667	0.0	0.0
https://www.douban.com/people/69208374/	0.9333333333333333	1.8666666666666667	3.7333333333333334	4.133333333333334	0.0	0.9333333333333333	0.0	1.0
https://www.douban.com/people/sarahwinner/	5.933333333333334	3.0	1.0	2.0	0.0	1.8	0.0	0.0
https://www.douban.com/people/75288890/	1.0	0.0	2.0	2.0	0.0	2.8	0.0	3.9333333333333336
https://www.douban.com/people/zhifeige/	0.8	3.9333333333333336	0.0	1.9333333333333333	1.0	4.0	0.0	1.0
https://www.douban.com/people/maindesign/	2.8	0.0	0.9333333333333333	0.9333333333333333	0.0	1.8666666666666667	3.7333333333333334	2.8
https://www.douban.com/people/XinwenCheng/	0.0	0.0	0.9333333333333333	1.7333333333333334	0.0	6.133333333333334	0.0	4.666666666666667
https://www.douban.com/people/52518122/	0.9333333333333333	1.9333333333333333	1.9333333333333333	0.0	2.8666666666666667	0.0	2.0	1.0
https://www.douban.com/people/ddragon/	0.0	0.0	0.0	0.0	0.0	8.666666666666668	0.0	3.0
https://www.douban.com/people/savawolf/	2.8	0.0	2.0	1.9333333333333333	0.0	6.866666666666667	0.0	1.0
https://www.douban.com/people/zhejiangrushang/	7.199999999999999	0.6666666666666666	2.6	2.4000000000000004	1.0	0.0	0.9333333333333333	0.0
https://www.douban.com/people/insidejudy/	1.6	1.8666666666666667	1.9333333333333333	1.0	0.0	3.7333333333333334	1.8666666666666667	1.0
https://www.douban.com/people/33666915/	3.9333333333333336	0.9333333333333333	1.9333333333333333	1.0	0.0	2.8	0.0	1.0
https://www.douban.com/people/uangyc/	1.6	0.0	0.0	6.0	0.0	0.9333333333333333	0.0	2.0
https://www.douban.com/people/batongyang/	0.9333333333333333	1.0	3.9333333333333336	3.9333333333333336	0.9333333333333333	0.0	0.8	0.0
https://www.douban.com/people/leisurewilliam/	0.0	2.8	2.8	4.933333333333334	0.0	0.9333333333333333	0.0	1.9333333333333333
https://www.douban.com/people/103655846/	0.9333333333333333	0.0	0.0	6.666666666666667	1.0	1.9333333333333333	1.0	0.0
https://www.douban.com/people/39532726/	7.533333333333334	0.0	1.0	1.9333333333333333	0.0	2.4000000000000004	0.0	0.0
https://www.douban.com/people/150000452/	0	0	1	3	0	7	0	0
https://www.douban.com/people/44348634/	1.6	2.0	1.4	0.0	0.0	5.466666666666667	0.0	0.8
https://www.douban.com/people/127353064/	0.0	0.9333333333333333	1.5333333333333332	1.9333333333333333	0.8	5.3999999999999995	0.8	1.6
https://www.douban.com/people/129356235/	1.8	4.466666666666667	1.0	0.0	0.0	0.0	0.9333333333333333	2.666666666666667
https://www.douban.com/people/26565132/	5.933333333333334	3.0	1.0	1.0	0.0	0.0	0.0	0.0
https://www.douban.com/people/feliciafay/	0.0	0.0	3.0	3.0	0.0	4.933333333333334	0.0	1.0
https://www.douban.com/people/huoxiaohuang/	0.0	3.0	1.0	0.9333333333333333	0.0	5.0	0.0	0.0
https://www.douban.com/people/1999860/	0.0	0.0	2.0	5.0	0.0	3.9333333333333336	0.0	0.0
https://www.douban.com/people/tin/	0.0	2.0	1.0	5.0	0.9333333333333333	0.0	1.0	0.0
https://www.douban.com/people/lianlian725/	5.6000000000000005	0.0	2.666666666666667	1.9333333333333333	0.0	0.0	1.9333333333333333	0.0
https://www.douban.com/people/lalaqingla/	1.8666666666666667	6.466666666666667	0.0	0.0	1.0	0.0	1.0	0.0
https://www.douban.com/people/immortal_3/	1.7333333333333334	6.066666666666667	0.9333333333333333	2.533333333333333	0.9333333333333333	0.6	0.0	0.0
https://www.douban.com/people/139601631/	0.8	0.9333333333333333	1.7333333333333334	2.0	0.0	3.0	0.9333333333333333	1.9333333333333333
https://www.douban.com/people/62513788/	1.0	2.0	2.9333333333333336	4.0	1.0	0.9333333333333333	0.0	0.0
https://www.douban.com/people/shamumu/	3.9333333333333336	0.0	2.8666666666666667	3.0	0.0	0.0	1.0	0.0
https://www.douban.com/people/waitingbaby/	5.0	0.0	0.0	1.0	0.0	1.9333333333333333	2.9333333333333336	1.9333333333333333
https://www.douban.com/people/derekland/	0.0	0.0	0.0	0.0	0.0	8.8	0.0	2.0
https://www.douban.com/people/1058951/	1.7333333333333334	0.0	1.8	7.666666666666667	0.0	0.0	0.0	0.0
https://www.douban.com/people/70359008/	0.0	0.0	1.0	2.8666666666666667	0.0	2.0	0.0	3.9333333333333336
https://www.douban.com/people/Shirleysays/	2.0	1.0	1.0	0.0	1.0	2.9333333333333336	1.8666666666666667	1.0
https://www.douban.com/people/2429292/	0.0	0.0	0.0	5.733333333333334	2.0	1.0	0.0	1.0
https://www.douban.com/people/69521905/	1.0	0.0	3.9333333333333336	1.9333333333333333	0.0	2.8666666666666667	1.0	0.0
https://www.douban.com/people/zhangjiawei/	2.9333333333333336	5.800000000000001	0.0	0.0	0.0	0.0	1.0	0.0
https://www.douban.com/people/163006711/	0.9333333333333333	1.9333333333333333	4.333333333333333	2.7333333333333334	0.0	1.5333333333333332	0.0	0.0
https://www.douban.com/people/xiaozhu-shuo/	0.0	0.0	1.0	1.9333333333333333	0.0	4.866666666666667	0.0	2.9333333333333336
https://www.douban.com/people/jianjian8888/	2.0	0.0	1.9333333333333333	1.9333333333333333	0.0	5.266666666666667	0.0	1.8
https://www.douban.com/people/64339509/	5.333333333333334	1.0	0.0	0.0	0.0	2.8	0.0	1.9333333333333333
https://www.douban.com/people/Lizyjs/	3.6000000000000005	0.8	1.9333333333333333	2.8666666666666667	0.0	0.9333333333333333	0.0	0.9333333333333333
https://www.douban.com/people/171270948/	2.0	1.0	2.9333333333333336	0.9333333333333333	0.0	2.8666666666666667	0.0	0.9333333333333333
https://www.douban.com/people/yangqiaoqiao/	1.9333333333333333	5.733333333333333	0.0	1.0	1.0	0.0	0.0	0.0
https://www.douban.com/people/penddy/	3.7333333333333334	0.0	1.8666666666666667	1.8666666666666667	0.0	5.466666666666667	0.0	0.0
https://www.douban.com/people/kkkkka/	0.0	0.0	0.9333333333333333	4.866666666666667	0.0	4.266666666666667	0.9333333333333333	0.0
https://www.douban.com/people/146851465/	0.0	0.0	1.8666666666666667	2.9333333333333336	0.0	5.733333333333333	0.0	0.0
https://www.douban.com/people/101560136/	0.0	0.0	2.8	2.0	0.9333333333333333	1.0	0.9333333333333333	2.9333333333333336
https://www.douban.com/people/35808230/	0.9333333333333333	0.0	1.0	0.0	0.0	8.666666666666668	0.0	0.9333333333333333
https://www.douban.com/people/44652353/	0.9333333333333333	6.800000000000001	0.0	0.0	0.0	0.0	1.8666666666666667	0.0
https://www.douban.com/people/zhangaiyin/	0.9333333333333333	1.8666666666666667	1.0	4.733333333333333	0.0	0.0	2.0	0.0
https://www.douban.com/people/140619686/	0.0	0.0	0.0	0.0	0.0	9.533333333333333	0.0	0.0
https://www.douban.com/people/83993810/	0.0	0.0	0.0	1.9333333333333333	0.0	2.8666666666666667	0.0	5.666666666666667
https://www.douban.com/people/78197287/	0.0	0.0	2.0	5.733333333333334	0.0	0.9333333333333333	0.9333333333333333	0.9333333333333333
https://www.douban.com/people/1075731/	1	8	0	0	0	0	0	0
https://www.douban.com/people/150164230/	1	1	2	2	0	4	0	0
https://www.douban.com/people/187286811/	0	0	2	0	0	5	0	4
https://www.douban.com/people/50291382/	3	1	1	2	1	1	1	0
https://www.douban.com/people/TheLonelyPeople/	0	0	3	6	0	2	0	0
https://www.douban.com/people/bestkfx/	0	1	2	1	0	4	0	3
https://www.douban.com/people/originhuman/	0	6	0	3	0	0	0	0
https://www.douban.com/people/wenjingbaba/	0	0	2	1	0	5	2	0
https://www.douban.com/people/xiaoang_0528/	1	0	1	0	0	7	0	0
https://www.douban.com/people/yuyan545/	3	1	0	3	0	0	3	0
https://www.douban.com/people/72682782/	1.0	0.0	0.0	0.9333333333333333	0.0	4.666666666666667	1.8666666666666667	3.8
https://www.douban.com/people/60752496/	0.0	0.9333333333333333	2.4000000000000004	1.8	0.0	3.9333333333333336	0.8	2.533333333333333
https://www.douban.com/people/65224784/	0.0	2.533333333333333	0.0	1.0	0.9333333333333333	4.6000000000000005	0.0	0.8
https://www.douban.com/people/58301523/	1.0	0.0	0.9333333333333333	1.7333333333333334	0.0	3.8	1.9333333333333333	0.8
https://www.douban.com/people/84010010/	3.0	4.0	2.0	0.9333333333333333	0.0	0.0	0.0	0.0
https://www.douban.com/people/gnov/	0.0	2.0	1.0	4.0	0.0	2.9333333333333336	0.0	0.0
https://www.douban.com/people/putengfei/	4.0	0.0	2.0	3.0	1.0	0.0	0.9333333333333333	0.0
https://www.douban.com/people/164565492/	0.0	0.9333333333333333	0.0	0.0	0.0	3.7333333333333334	0.0	5.666666666666667
https://www.douban.com/people/biechudelily/	0.9333333333333333	0.0	1.8666666666666667	1.0	0.0	6.533333333333334	0.0	0.0
https://www.douban.com/people/54793495/	0.0	0.0	2.8	5.533333333333333	0.0	1.0	0.0	0.0
https://www.douban.com/people/liven/	0.9333333333333333	1.0	1.0	0.0	0.0	7.4	0.0	1.0
https://www.douban.com/people/1155527/	0.0	4.933333333333334	0.0	1.0	0.0	0.0	2.9333333333333336	0.0
https://www.douban.com/people/143291523/	1.9333333333333333	0.0	2.0	1.0	2.9333333333333336	1.0	0.0	1.0
https://www.douban.com/people/55835124/	1.9333333333333333	5.933333333333334	0.0	0.0	0.0	0.0	1.0	0.0
https://www.douban.com/people/actor9527/	0.0	1.0	0.0	2.8666666666666667	4.0	1.0	0.0	1.0
https://www.douban.com/people/syc/	0.0	2.666666666666667	0.0	3.0	0.0	3.6	0.0	0.0
https://www.douban.com/people/xmsgjqr/	4.866666666666667	0.0	0.0	4.933333333333334	0.0	0.0	1.0	0.0
https://www.douban.com/people/131101112/	0.9333333333333333	0.0	3.666666666666667	0.0	0.0	4.733333333333333	0.0	2.8
https://www.douban.com/people/148441347/	0.0	8.8	0.0	1.0	0.0	0.0	0.0	0.0
https://www.douban.com/people/77819406/	0.9333333333333333	1.7333333333333334	3.7333333333333334	2.8666666666666667	1.0	0.0	0.0	0.0
https://www.douban.com/people/121699229/	1.9333333333333333	0.0	3.866666666666667	0.0	0.0	4.0	0.0	0.0
https://www.douban.com/people/17290592/	0.0	1.0	0.0	0.0	0.0	3.866666666666667	0.0	6.866666666666667
https://www.douban.com/people/36293645/	0.0	0.0	1.0	0.0	0.0	7.800000000000001	0.0	0.9333333333333333
https://www.douban.com/people/3756476/	0.0	0.0	0.0	0.0	0.0	5.866666666666667	0.0	4.933333333333334
https://www.douban.com/people/58028927/	0.0	0.9333333333333333	1.0	5.933333333333334	0.0	0.0	1.9333333333333333	0.0
https://www.douban.com/people/baiwuya/	0.0	0.0	1.0	0.0	0.0	6.800000000000001	0.0	3.0
https://www.douban.com/people/rotest105354/	4.933333333333334	1.0	1.0	1.0	0.0	0.9333333333333333	0.9333333333333333	0.9333333333333333
https://www.douban.com/people/ygy8245/	3.0	0.9333333333333333	0.0	3.9333333333333336	1.9333333333333333	0.0	0.0	0.0
https://www.douban.com/people/zjmr/	2.8666666666666667	1.0	2.0	2.9333333333333336	0.0	0.0	0.9333333333333333	0.0
https://www.douban.com/people/61956974/	0.0	1.7333333333333334	1.0	0.9333333333333333	0.0	3.7333333333333334	0.0	2.8
https://www.douban.com/people/drizzlep/	0.0	0.0	1.0	1.0	0.0	5.733333333333333	0.0	4.0
https://www.douban.com/people/59163051/	2.0	0.0	0.9333333333333333	5.0	0.0	0.0	1.8	0.0
https://www.douban.com/people/tiemabinghe/	1.9333333333333333	4.8	0.0	1.0	1.0	0.0	0.0	0.0
https://www.douban.com/people/59458047/	2.8666666666666667	0.0	2.6	4.666666666666667	0.9333333333333333	0.0	0.9333333333333333	0.0
https://www.douban.com/people/34017904/	0.0	1.0	0.9333333333333333	0.0	0.0	7.733333333333334	0.0	0.0
https://www.douban.com/people/55664026/	2.9333333333333336	0.0	2.9333333333333336	0.0	0.0	4.8	0.0	0.0
https://www.douban.com/people/58804513/	0.0	1.0	1.9333333333333333	2.9333333333333336	1.0	2.8	0.0	0.9333333333333333
https://www.douban.com/people/HazzaCheng/	0.0	0.0	0.9333333333333333	2.9333333333333336	0.0	4.800000000000001	0.0	2.0
https://www.douban.com/people/blackqin/	0.0	4.866666666666667	2.0	1.0	0.0	1.8666666666666667	0.0	0.9333333333333333
https://www.douban.com/people/suecat/	2.666666666666667	0.9333333333333333	0.9333333333333333	3.7333333333333334	0.0	0.9333333333333333	0.9333333333333333	2.8
https://www.douban.com/people/46191599/	0.0	0.0	0.8	2.9333333333333336	0.0	5.333333333333333	0.0	2.8
https://www.douban.com/people/61708814/	0.0	0.0	0.0	0.0	0.0	8.666666666666668	0.0	0.0
https://www.douban.com/people/weisiauto/	0.0	0.0	1.9333333333333333	2.0	0.0	3.9333333333333336	0.0	2.8
https://www.douban.com/people/xiaohaoshayu/	3.6000000000000005	2.8666666666666667	2.666666666666667	0.9333333333333333	0.0	0.0	0.0	0.0
https://www.douban.com/people/1068757/	0.0	0.0	0.0	3.0	0.0	5.6	0.0	0.0
https://www.douban.com/people/2612352/	1.9333333333333333	0.0	4.800000000000001	0.0	0.0	1.8666666666666667	1.0	0.0
https://www.douban.com/people/82101682/	1.0	0.0	0.0	3.8	1.0	2.8666666666666667	0.0	0.0
https://www.douban.com/people/flowermumu/	4.866666666666667	3.7333333333333334	2.0	0.0	0.0	0.0	0.0	0.0
https://www.douban.com/people/1345666/	1.8666666666666667	1.9333333333333333	6.8	1.9333333333333333	0.0	0.0	0.9333333333333333	0.0
https://www.douban.com/people/yuhaolwy/	0.9333333333333333	2.0	0.9333333333333333	0.0	1.0	3.8	0.9333333333333333	0.0
https://www.douban.com/people/62496308/	0.0	0.0	2.466666666666667	1.8666666666666667	0.9333333333333333	3.7333333333333334	0.0	1.0
https://www.douban.com/people/1283623/	1.0	0.0	2.0	0.9333333333333333	0.0	5.666666666666667	0.0	0.0
https://www.douban.com/people/40269898/	0.0	0.0	2.9333333333333336	2.9333333333333336	0.0	4.666666666666667	0.0	0.0
https://www.douban.com/people/84165035/	2.9333333333333336	1.0	0.0	1.7333333333333334	1.0	1.9333333333333333	0.0	1.0
https://www.douban.com/people/167952275/	3.866666666666667	1.9333333333333333	1.9333333333333333	1.8666666666666667	0.0	0.0	0.0	0.0
https://www.douban.com/people/boks/	1.7333333333333334	1.8	4.0	5.533333333333333	0.0	0.0	0.0	0.0
https://www.douban.com/people/pmate/	0.9333333333333333	0.0	1.8666666666666667	3.7333333333333334	0.0	4.333333333333333	0.0	0.0
https://www.douban.com/people/161206792/	0.9333333333333333	7.6000000000000005	0.0	0.9333333333333333	0.0	0.0	0.0	0.0
https://www.douban.com/people/yunbozhao/	0.0	0.9333333333333333	1.0	1.8666666666666667	0.0	0.9333333333333333	1.8666666666666667	1.9333333333333333
https://www.douban.com/people/142188635/	0.0	0.0	0.9333333333333333	0.0	0.0	4.933333333333334	0.0	2.6
https://www.douban.com/people/magic828/	1.8	5.466666666666667	3.0	1.0	0.0	0.0	0.0	1.0
https://www.douban.com/people/luke/	4.2	2.6	0.0	5.133333333333333	0.0	0.0	0.0	0.0
https://www.douban.com/people/160040983/	0	0	2	5	0	1	0	1
https://www.douban.com/people/166744392/	0	0	0	2	3	2	1	1
https://www.douban.com/people/173440622/	2	1	2	1	0	1	1	0
https://www.douban.com/people/3639653/	2	4	0	1	1	0	0	2
https://www.douban.com/people/76815849/	0	0	0	1	0	1	0	7
https://www.douban.com/people/lintanxi/	0	8	0	0	0	0	0	0
https://www.douban.com/people/sl19910727/	2	0	2	4	1	0	0	0
https://www.douban.com/people/69691501/	1.0	3.666666666666667	0.9333333333333333	0.9333333333333333	0.0	0.6	0.9333333333333333	0.8
https://www.douban.com/people/2267079/	2.8	3.0	0.8	1.8666666666666667	0.0	0.0	0.0	0.0
https://www.douban.com/people/michealtwisse/	0.0	0.0	0.0	5.6000000000000005	0.0	0.0	0.0	2.8666666666666667
https://www.douban.com/people/82230369/	0.0	0.0	1.9333333333333333	2.533333333333333	0.0	1.0	1.0	4.933333333333334
https://www.douban.com/people/bluebay/	1.9333333333333333	1.8666666666666667	2.8666666666666667	5.6000000000000005	0.0	0.0	0.0	0.0
https://www.douban.com/people/swing1/	3.7333333333333334	2.8666666666666667	1.8666666666666667	0.0	0.0	0.0	0.0	0.0
https://www.douban.com/people/luoying6/	2.7333333333333334	5.666666666666667	0.9333333333333333	2.6	0.0	0.0	0.0	0.0
https://www.douban.com/people/101751553/	3.0	0.0	0.0	3.0	0.0	2.0	0.0	1.9333333333333333
https://www.douban.com/people/134390570/	0.0	0.0	0.0	0.0	0.0	0.0	0.0	7.933333333333334
https://www.douban.com/people/159178137/	0.0	0.0	2.0	0.0	0.0	4.933333333333334	0.0	2.0
https://www.douban.com/people/51743249/	3.0	0.0	0.0	0.9333333333333333	0.0	3.0	1.0	0.0
https://www.douban.com/people/ammonite/	2.0	1.9333333333333333	2.0	4.0	0.0	0.0	0.0	2.0
https://www.douban.com/people/binbeing/	0.0	0.0	0.9333333333333333	0.0	0.0	4.0	0.0	4.0
https://www.douban.com/people/friedaliao/	0.0	0.0	1.0	4.933333333333334	0.0	2.0	0.0	0.0
https://www.douban.com/people/lin3354/	0.0	4.0	1.0	0.0	0.0	0.9333333333333333	0.0	2.0
https://www.douban.com/people/luluto/	0.0	0.0	3.0	0.0	0.0	4.933333333333334	0.0	2.9333333333333336
https://www.douban.com/people/yuhengmylove/	2.0	1.0	3.0	4.0	0.0	0.0	0.9333333333333333	0.0
https://www.douban.com/people/simaxuan/	3.8666666666666667	2.0	0.6	1.9333333333333333	0.0	0.0	0.9333333333333333	0.0
https://www.douban.com/people/69497519/	0.9333333333333333	0.0	0.9333333333333333	0.0	0.0	6.533333333333334	0.0	0.9333333333333333
https://www.douban.com/people/84035294/	0.0	0.0	1.9333333333333333	1.7333333333333334	0.0	2.9333333333333336	1.7333333333333334	0.0
https://www.douban.com/people/thethirdgender/	0.0	0.0	0.0	0.8	0.0	7.533333333333334	0.0	0.0
https://www.douban.com/people/lovedzc/	0.0	2.0	0.8	3.3333333333333335	0.0	0.0	1.0	2.8
https://www.douban.com/people/140034798/	1.0	0.0	4.933333333333334	0.0	0.0	3.866666666666667	0.0	0.0
https://www.douban.com/people/2328636/	0.9333333333333333	0.0	0.0	4.0	0.0	2.9333333333333336	0.0	0.9333333333333333
https://www.douban.com/people/55497710/	1.0	0.0	1.0	0.0	0.0	4.866666666666667	0.0	1.0
https://www.douban.com/people/lanbojacky/	3.9333333333333336	1.9333333333333333	0.0	1.0	0.0	0.0	2.0	0.0
https://www.douban.com/people/pinkpigbond/	0.9333333333333333	1.0	0.0	3.9333333333333336	0.0	0.9333333333333333	2.0	0.0
https://www.douban.com/people/shunian/	1.9333333333333333	3.0	0.0	3.9333333333333336	0.0	0.0	0.0	0.0
https://www.douban.com/people/zhoumaoyou/	0.0	0.0	0.0	3.9333333333333336	0.0	1.9333333333333333	0.0	3.0
https://www.douban.com/people/zpmad/	0.0	0.0	1.0	0.0	0.0	7.333333333333335	0.0	0.0
https://www.douban.com/people/59897199/	0.6	5.0	2.0	0.0	0.0	0.6	0.0	0.0
https://www.douban.com/people/tangcong/	2.533333333333333	0.0	1.9333333333333333	0.0	0.0	4.800000000000001	0.9333333333333333	0.0
https://www.douban.com/people/prince1900/	3.533333333333333	3.7333333333333334	1.0	0.0	0.0	0.0	1.0	0.0
https://www.douban.com/people/2682509/	1.3333333333333333	0.0	0.0	0.9333333333333333	0.0	2.8	0.0	4.2666666666666675
https://www.douban.com/people/52423798/	2.0	1.0	3.0	0.0	1.0	1.8	0.0	0.8
https://www.douban.com/people/sandcabin/	1.0	2.0	1.0	2.8	0.0	0.0	0.0	2.0
https://www.douban.com/people/3113941/	0.0	0.9333333333333333	0.0	2.7333333333333334	0.0	1.7333333333333334	0.0	3.8
https://www.douban.com/people/starren/	1.0	0.0	1.0	1.0	0.0	1.8	0.3333333333333333	4.733333333333333
https://www.douban.com/people/25746151/	3.9333333333333336	0.0	3.9333333333333336	3.866666666666667	0.0	0.0	0.0	0.0
https://www.douban.com/people/50360529/	1.0	1.0	2.0	0.6	0.0	0.0	3.6000000000000005	0.0
https://www.douban.com/people/bearbig/	2.8666666666666667	2.0	2.0	1.0	0.0	0.0	0.9333333333333333	1.0
https://www.douban.com/people/chils/	3.333333333333333	0.9333333333333333	0.0	0.0	3.9333333333333336	0.0	0.0	0.0
https://www.douban.com/people/northlaker/	2.8666666666666667	0.9333333333333333	2.0	4.8	0.0	0.0	1.0	0.0
https://www.douban.com/people/toyman_28/	0.0	0.0	4.933333333333334	2.0	0.0	0.9333333333333333	1.0	0.9333333333333333
https://www.douban.com/people/xuxuan/	0.9333333333333333	2.0	0.0	4.0	1.8666666666666667	0.0	0.0	0.0
https://www.douban.com/people/youngsend/	0.9333333333333333	0.0	0.9333333333333333	4.933333333333334	0.9333333333333333	0.0	1.0	0.0
https://www.douban.com/people/53267906/	2.8666666666666667	0.0	4.866666666666667	2.0	0.0	0.0	1.0	0.0
https://www.douban.com/people/sogdiana/	2.8666666666666667	0.0	1.9333333333333333	3.9333333333333336	2.0	0.0	0.0	0.0
https://www.douban.com/people/63637086/	1.0	5.866666666666666	0.0	0.9333333333333333	0.0	0.8	0.0	0.0
https://www.douban.com/people/1891855/	0.0	1.8	2.7333333333333334	0.9333333333333333	0.0	5.133333333333333	0.0	0.0
https://www.douban.com/people/4589726/	0.0	0.0	1.8	1.8666666666666667	0.0	3.6	0.0	0.9333333333333333
https://www.douban.com/people/154312913/	1.0	3.0	1.0	1.0	0.0	0.0	2.7333333333333334	0.0
https://www.douban.com/people/kinglilychou/	1.0	2.8	1.9333333333333333	3.0	0.0	0.0	0.0	0.0
https://www.douban.com/people/Wangtanzhi/	0.9333333333333333	2.2	2.0	3.333333333333333	0.0	0.0	0.8	0.0
https://www.douban.com/people/2236101/	0.0	0.0	1.0	1.0	0.0	4.733333333333333	0.0	1.0
https://www.douban.com/people/beautylit/	0.0	0.0	0.9333333333333333	0.9333333333333333	0.0	3.9333333333333336	0.9333333333333333	1.0
https://www.douban.com/people/owlman/	0.0	2.9333333333333336	0.9333333333333333	0.0	0.0	1.9333333333333333	0.0	4.8
https://www.douban.com/people/thespencer/	3.0	0.0	3.866666666666667	1.9333333333333333	1.8666666666666667	0.0	0.0	0.0
https://www.douban.com/people/NancyCheng/	1.7333333333333334	0.0	0.0	2.533333333333333	3.8666666666666667	0.0	0.9333333333333333	0.0
https://www.douban.com/people/44663754/	2.8666666666666667	2.0	0.0	0.0	1.0	0.0	1.8	0.0
https://www.douban.com/people/Bambus/	1.9333333333333333	4.933333333333334	0.9333333333333333	0.8	0.0	0.0	0.0	0.0
https://www.douban.com/people/chineson/	0.0	1.0	2.0	1.0	2.8666666666666667	1.8	0.0	0.0
https://www.douban.com/people/84947475/	0.0	0.9333333333333333	0.9333333333333333	1.7333333333333334	0.9333333333333333	1.8666666666666667	0.0	1.7333333333333334
https://www.douban.com/people/63439633/	3.666666666666666	1.9333333333333333	1.8	0.0	0.0	0.0	0.0	0.9333333333333333
https://www.douban.com/people/58622243/	0.0	0.9333333333333333	0.9333333333333333	1.8	0.0	0.0	4.3999999999999995	0.6
https://www.douban.com/people/61931697/	0.9333333333333333	1.0	1.0	2.0	1.8666666666666667	0.9333333333333333	0.9333333333333333	0.0
https://www.douban.com/people/140109396/	2.8	1.0	0.0	1.9333333333333333	0.0	0.9333333333333333	1.0	0.0
https://www.douban.com/people/Sable/	3.8	0.9333333333333333	2.0	1.0	0.0	0.0	1.0	0.9333333333333333
https://www.douban.com/people/fenlyjin/	0.0	0.0	0.8	1.0	0.0	6.6	0.0	1.0
https://www.douban.com/people/HGM4651934/	0.8	5.800000000000001	0.0	0.0	0.0	0.0	1.0	0.0
https://www.douban.com/people/cecilinashui/	1.0	1.7333333333333334	0.0	1.0	0.9333333333333333	1.0	0.9333333333333333	3.0
https://www.douban.com/people/outman2011/	0.8	6.6000000000000005	0.0	0.0	1.0	0.0	0.0	0.0
https://www.douban.com/people/3172161/	0.0	1.0	1.0	0.0	0.0	6.533333333333333	0.0	0.0
https://www.douban.com/people/174844269/	2.9333333333333336	3.7333333333333334	1.0	0.9333333333333333	0.0	0.0	0.0	0.0
https://www.douban.com/people/Blackjade/	3.8	0.9333333333333333	1.0	2.8	0.0	0.0	0.9333333333333333	0.0
https://www.douban.com/people/59745565/	0.0	0.8	2.9333333333333336	3.666666666666667	0.0	1.8666666666666667	0.0	0.0
https://www.douban.com/people/60601961/	1.0	1.0	1.0	2.533333333333333	2.0	0.0	0.0	0.0
https://www.douban.com/people/lcg330/	1.8	2.8	0.0	0.0	2.0	0.0	0.9333333333333333	0.0
https://www.douban.com/people/querida/	1.8666666666666667	3.6000000000000005	0.0	0.9333333333333333	0.0	1.7333333333333334	0.0	1.7333333333333334
https://www.douban.com/people/NeeDream/	0.0	0.0	2.9333333333333336	2.8666666666666667	0.0	0.9333333333333333	1.0	0.8
https://www.douban.com/people/56375881/	1.8	2.8666666666666667	0.0	0.0	1.0	0.0	1.8666666666666667	0.0
https://www.douban.com/people/69669218/	0.0	0.0	1.9333333333333333	0.0	0.0	4.6000000000000005	0.0	1.0
https://www.douban.com/people/Sising/	3.666666666666667	0.0	0.0	1.9333333333333333	0.9333333333333333	0.0	1.0	0.0
https://www.douban.com/people/3486579/	0.0	0.0	0.9333333333333333	1.8666666666666667	0.9333333333333333	2.7333333333333334	0.0	2.0
https://www.douban.com/people/182067051/	1.0	1.6	2.0	0.9333333333333333	2.0	0.0	0.9333333333333333	0.0
https://www.douban.com/people/139067217/	0.0	0.9333333333333333	0.0	0.9333333333333333	1.0	0.9333333333333333	0.9333333333333333	2.8
https://www.douban.com/people/1448991/	1.8666666666666667	0.0	0.9333333333333333	4.733333333333333	0.9333333333333333	0.0	0.0	0.0
https://www.douban.com/people/172678097/	0.0	0.0	0.0	0.0	0.0	7.533333333333334	0.0	0.0
https://www.douban.com/people/darkiller/	0.0	0.0	0.0	0.9333333333333333	0.0	2.8	0.0	3.8
https://www.douban.com/people/kaverjody/	0.0	0.0	0.0	0.9333333333333333	0.0	4.733333333333333	0.0	3.7333333333333334
https://www.douban.com/people/29877432/	4.066666666666666	1.8666666666666667	0.0	0.9333333333333333	0.0	0.9333333333333333	0.0	0.0
https://www.douban.com/people/justxuanyi/	2.0	1.0	0.0	2.9333333333333336	0.0	0.0	2.533333333333333	0.0
https://www.douban.com/people/forrest_zhang/	0.0	1.0	1.8	2.0	1.0	1.6	0.0	0.0
https://www.douban.com/people/143901433/	0	0	0	0	0	7	0	0
https://www.douban.com/people/154279361/	1.6	2.0	0.0	1.0	1.0	1.8	0.0	1.0
https://www.douban.com/people/155130529/	0	0	3	1	0	3	0	2
https://www.douban.com/people/1698067/	0	0	0	3	0	1	0	3
https://www.douban.com/people/193356048/	0	2	3	0	2	0	0	0
https://www.douban.com/people/2096902/	0	0	0	0	0	7	0	0
https://www.douban.com/people/4325479/	3	1	3	1	0	0	0	0
https://www.douban.com/people/43414600/	1	0	0	0	0	0	0	6
https://www.douban.com/people/51641899/	1	1	1	2	2	0	0	0
https://www.douban.com/people/54652758/	2	2	1	0	3	0	0	0
https://www.douban.com/people/62140759/	1	0	6	2	0	0	0	0
https://www.douban.com/people/64635386/	4	3	0	0	0	0	0	1
https://www.douban.com/people/79807165/	0	1	1	2	0	3	0	0
https://www.douban.com/people/84792446/	0	0	0	7	0	0	0	0
https://www.douban.com/people/AndyJiao/	0	0	1	2	0	5	0	0
https://www.douban.com/people/bygsun/	0	0	0	0	0	1	0	7
https://www.douban.com/people/cathysheu/	2	2	0	3	0	0	0	0
https://www.douban.com/people/easteran/	1	0	3	1	0	3	0	0
https://www.douban.com/people/geminiyou/	0	0	1	1	1	4	0	1
https://www.douban.com/people/hzbronze/	0	0	1	2	0	3	0	3
https://www.douban.com/people/massiveattack9/	0	0	0	1	0	5	0	2
https://www.douban.com/people/surreal1987/	3	0	2	3	0	0	0	0
https://www.douban.com/people/zs554187/	0	0	3	2	2	1	0	0
https://www.douban.com/people/38698277/	0.0	0.0	0.0	1.7333333333333334	0.0	3.8	0.0	1.9333333333333333
https://www.douban.com/people/fudiaostudio/	3.7333333333333334	0.0	2.0	2.7333333333333334	0.0	1.9333333333333333	0.0	1.7333333333333334
https://www.douban.com/people/dupin/	0.0	2.8	0.0	3.7333333333333334	0.0	0.0	0.0	0.9333333333333333
https://www.douban.com/people/lenber/	0.0	5.6000000000000005	0.0	0.0	0.9333333333333333	0.9333333333333333	0.0	0.0
https://www.douban.com/people/145878408/	2.4000000000000004	0.0	0.0	0.0	0.0	2.0	0.0	4.0
https://www.douban.com/people/43780323/	2.4000000000000004	0.0	0.9333333333333333	1.7333333333333334	0.0	4.533333333333333	0.0	0.0
https://www.douban.com/people/williamsoar/	1.7333333333333334	2.666666666666667	2.533333333333333	1.7333333333333334	0.0	0.0	0.0	0.0
https://www.douban.com/people/angela711/	1.9333333333333333	0.0	0.0	1.0	1.6	0.0	3.866666666666667	0.0
https://www.douban.com/people/1146288/	3.0	0.9333333333333333	2.0	3.0	0.0	1.0	0.0	0.0
https://www.douban.com/people/151261064/	2.0	3.9333333333333336	0.0	1.0	0.0	0.0	0.0	0.0
https://www.douban.com/people/161587088/	0.0	0.0	1.0	0.0	0.0	4.933333333333334	1.0	1.0
https://www.douban.com/people/2338908/	1.0	3.9333333333333336	1.0	1.0	0.0	0.0	0.0	1.0
https://www.douban.com/people/86720987/	2.0	1.0	4.0	0.0	0.0	0.9333333333333333	0.0	0.0
https://www.douban.com/people/dingyiqi/	0.0	0.0	1.0	0.0	0.0	4.0	0.0	3.9333333333333336
https://www.douban.com/people/lonelyplanet/	4.933333333333334	0.0	2.0	0.0	0.0	0.0	1.0	0.0
https://www.douban.com/people/lucidlucia/	3.9333333333333336	1.0	2.0	2.0	0.0	0.0	0.0	0.0
https://www.douban.com/people/maomaoshell/	1.0	0.9333333333333333	0.9333333333333333	1.0	1.0	2.0	0.0	3.0
https://www.douban.com/people/qingmarch/	3.0	0.0	0.9333333333333333	1.0	0.0	1.0	0.0	3.0
https://www.douban.com/people/rogerbright/	1.0	0.0	1.0	2.9333333333333336	0.0	0.0	2.0	0.0
https://www.douban.com/people/sensitivebastar/	0.0	2.9333333333333336	1.0	3.0	0.0	0.0	0.0	0.0
https://www.douban.com/people/sjzljl/	0.0	0.0	0.0	5.0	0.0	1.9333333333333333	0.0	0.0
https://www.douban.com/people/yunji007/	0.0	0.0	0.0	3.9333333333333336	0.0	3.0	0.0	0.0
https://www.douban.com/people/65680897/	0.0	0.0	1.0	0.0	0.0	4.533333333333334	1.8666666666666667	0.9333333333333333
https://www.douban.com/people/nanakusa/	1.8666666666666667	3.7333333333333334	0.0	2.7333333333333334	0.0	0.0	0.0	0.0
https://www.douban.com/people/chenzhuo/	0.9333333333333333	0.9333333333333333	0.0	3.9333333333333336	0.0	0.3333333333333333	2.0	0.0
https://www.douban.com/people/liuyangsl/	1.0	5.4	0.9333333333333333	2.6	0.0	0.9333333333333333	0.0	0.0
https://www.douban.com/people/56864897/	0.0	0.0	0.0	1.9333333333333333	0.8	3.466666666666667	0.8	2.6
https://www.douban.com/people/1602145/	4.533333333333333	0.0	2.0	1.8	0.0	0.0	0.0	0.0
https://www.douban.com/people/65293580/	0.0	2.0	0.0	0.0	0.0	4.333333333333333	0.0	1.0
https://www.douban.com/people/140250764/	0.0	1.0	3.9333333333333336	2.0	0.9333333333333333	0.0	0.0	0.0
https://www.douban.com/people/14406150/	0.0	0.0	0.0	1.9333333333333333	0.0	3.9333333333333336	1.0	0.9333333333333333
https://www.douban.com/people/15579701/	0.0	0.0	0.9333333333333333	0.0	0.0	3.0	0.0	2.9333333333333336
https://www.douban.com/people/167085696/	1.9333333333333333	1.0	3.8666666666666667	1.0	0.0	0.0	1.0	0.0
https://www.douban.com/people/172065294/	0.0	0.0	0.0	0.0	0.0	6.866666666666667	0.0	0.0
https://www.douban.com/people/177460687/	1.8666666666666667	0.0	0.9333333333333333	3.0	0.0	0.0	2.0	1.0
https://www.douban.com/people/2036887/	1.0	0.0	1.0	1.9333333333333333	0.0	1.0	0.9333333333333333	1.0
https://www.douban.com/people/2872811/	1.0	0.0	2.0	0.0	0.0	4.866666666666667	0.0	0.0
https://www.douban.com/people/48406693/	0.0	0.0	1.0	0.0	0.0	6.866666666666667	0.0	0.9333333333333333
https://www.douban.com/people/52171694/	0.0	0.0	0.0	3.9333333333333336	0.0	1.0	1.0	0.9333333333333333
https://www.douban.com/people/56546111/	2.9333333333333336	1.8666666666666667	1.0	1.0	0.0	0.0	1.0	0.0
https://www.douban.com/people/Cash_082113/	0.0	0.0	2.9333333333333336	2.0	0.0	2.0	0.0	1.9333333333333333
https://www.douban.com/people/CloudyLi/	0.0	0.0	0.9333333333333333	0.0	0.0	3.0	2.9333333333333336	1.9333333333333333
https://www.douban.com/people/TigerWoods/	2.9333333333333336	0.0	2.0	2.9333333333333336	0.0	0.0	0.0	0.0
https://www.douban.com/people/haji/	3.0	0.0	1.8666666666666667	2.0	0.0	1.0	0.0	0.0
https://www.douban.com/people/rockeet/	0.0	0.0	0.0	0.0	0.0	0.0	1.0	6.866666666666667
https://www.douban.com/people/yanxiaowuwxy/	1.0	1.0	1.0	1.9333333333333333	0.0	2.0	0.9333333333333333	0.0
https://www.douban.com/people/yosonchow/	1.0	0.0	0.0	2.0	1.0	1.0	0.9333333333333333	0.9333333333333333
https://www.douban.com/people/zkidult/	4.866666666666667	0.0	2.0	1.0	0.0	0.0	0.0	0.0
https://www.douban.com/people/chowchow01/	0.0	0.0	0.9333333333333333	0.9333333333333333	0.9333333333333333	2.8	0.0	2.666666666666667
https://www.douban.com/people/sure3/	0.0	0.0	1.8666666666666667	0.9333333333333333	0.0	1.8666666666666667	0.0	2.666666666666667
https://www.douban.com/people/158497799/	0.0	1.8666666666666667	1.7333333333333334	1.8666666666666667	1.8666666666666667	0.0	0.0	0.0
https://www.douban.com/people/3295794/	0.0	3.0	0.0	4.8	1.0	0.0	0.0	1.0
https://www.douban.com/people/huagnqun/	2.0	0.0	2.8	3.0	0.0	0.0	0.0	0.0
https://www.douban.com/people/tearwall/	3.0	0.0	3.0	1.8	0.0	0.0	0.0	0.0
https://www.douban.com/people/appleleaf001/	0.8	0.0	1.8666666666666667	0.0	0.0	3.5999999999999996	0.0	1.8
https://www.douban.com/people/AshesOfTime/	1.8	0.9333333333333333	0.0	1.0	1.8666666666666667	1.7333333333333334	0.0	0.9333333333333333
https://www.douban.com/people/149447514/	1.8666666666666667	3.0	1.0	0.0	0.9333333333333333	0.0	0.0	0.0
https://www.douban.com/people/151446836/	1.0	1.8666666666666667	3.0	0.0	1.0	0.0	0.0	0.9333333333333333
https://www.douban.com/people/2232430/	0.9333333333333333	3.0	0.0	2.8666666666666667	0.0	0.0	0.0	0.0
https://www.douban.com/people/2676319/	0.0	0.0	0.0	0.9333333333333333	0.0	1.0	0.0	5.866666666666667
https://www.douban.com/people/2901984/	3.0	0.0	0.0	3.8	1.0	0.0	0.0	0.0
https://www.douban.com/people/jojocrystal/	2.8666666666666667	0.0	2.0	0.0	0.0	1.0	0.9333333333333333	0.0
https://www.douban.com/people/kiwi2011/	2.0	0.9333333333333333	3.8	1.0	0.0	0.0	0.0	0.0
https://www.douban.com/people/resai1/	0.0	0.0	1.0	3.0	0.0	2.8	0.0	0.0
https://www.douban.com/people/roomec/	0.0	0.0	0.0	0.0	0.0	5.866666666666667	0.0	3.866666666666667
https://www.douban.com/people/yanfeng/	1.0	2.9333333333333336	0.0	4.866666666666667	0.0	0.0	1.0	0.0
https://www.douban.com/people/149929459/	3.8	1.0	3.0	1.9333333333333333	0.0	0.0	0.0	0.0
https://www.douban.com/people/161333024/	2.8	0.0	0.0	4.933333333333334	0.0	0.0	0.0	0.0
https://www.douban.com/people/162791623/	1.8666666666666667	0.0	0.9333333333333333	2.9333333333333336	1.0	0.0	1.0	0.0
https://www.douban.com/people/3410242/	0.0	0.0	0.0	1.9333333333333333	0.0	0.9333333333333333	1.0	2.9333333333333336
https://www.douban.com/people/46253376/	0.0	1.9333333333333333	0.9333333333333333	0.0	0.9333333333333333	3.0	0.0	0.0
https://www.douban.com/people/F_aith/	0.0	0.0	0.9333333333333333	1.9333333333333333	0.0	4.866666666666667	0.0	0.0
https://www.douban.com/people/ianthorpe/	0.8	3.5999999999999996	0.0	0.0	0.0	0.0	1.8666666666666667	0.9333333333333333
https://www.douban.com/people/3608929/	1.0	0.0	0.0	0.0	0.0	5.733333333333333	0.0	0.9333333333333333
https://www.douban.com/people/47101605/	1.0	0.8	1.0	0.0	2.0	2.0	0.0	0.9333333333333333
https://www.douban.com/people/gaofu/	1.8	1.0	2.0	1.9333333333333333	0.0	1.0	0.0	0.0
https://www.douban.com/people/misscatcatcat/	1.0	4.0	1.0	0.0	0.0	0.8	0.0	0.9333333333333333
https://www.douban.com/people/tcstar/	0.0	0.0	1.0	1.0	0.0	1.9333333333333333	0.0	4.733333333333333
https://www.douban.com/people/1069572/	0.9333333333333333	0.9333333333333333	2.8	1.7333333333333334	0.0	0.0	1.7333333333333334	0.0
https://www.douban.com/people/155834336/	1.0	1.9333333333333333	0.0	4.866666666666667	0.0	0.0	0.9333333333333333	0.0
https://www.douban.com/people/3072526/	2.9333333333333336	0.0	0.0	1.8666666666666667	0.9333333333333333	0.0	1.0	0.0
https://www.douban.com/people/51338624/	0.0	0.0	2.9333333333333336	0.0	0.0	4.733333333333333	0.0	0.0
https://www.douban.com/people/baibo/	0.0	2.9333333333333336	1.0	1.0	0.0	0.9333333333333333	1.8666666666666667	0.0
https://www.douban.com/people/eisoncen/	0.0	0.0	0.0	0.0	0.0	3.9333333333333336	0.0	3.8
https://www.douban.com/people/nanuil/	0.0	0.0	1.0	4.8	0.9333333333333333	0.0	0.0	0.0
https://www.douban.com/people/149447792/	0.9333333333333333	0.0	0.9333333333333333	0.0	0.9333333333333333	1.0	0.0	2.9333333333333336
https://www.douban.com/people/douban_CEO/	0.0	0.0	0.0	0.0	0.0	3.8666666666666667	0.0	4.8
https://www.douban.com/people/jeffyanguang/	0.0	0.0	1.8666666666666667	2.9333333333333336	0.0	2.8666666666666667	0.0	1.0
https://www.douban.com/people/sandworm/	0.0	0.0	1.0	0.0	0.0	6.733333333333333	0.0	0.0
https://www.douban.com/people/4431281/	0.0	0.0	1.8666666666666667	1.8666666666666667	0.0	3.533333333333333	0.0	2.533333333333333
https://www.douban.com/people/57698802/	1.8	0.8	0.9333333333333333	0.0	1.8666666666666667	0.9333333333333333	0.0	1.6
https://www.douban.com/people/luozixi3/	1.0	0.0	0.9333333333333333	2.0	1.7333333333333334	1.0	0.0	0.0
https://www.douban.com/people/zhoubin5371/	1.0	1.0	1.8666666666666667	2.7333333333333334	0.0	2.0	0.0	0.0
https://www.douban.com/people/161518711/	0.0	0.0	1.0	0.0	0.0	5.666666666666667	0.0	0.0
https://www.douban.com/people/70474111/	0.0	0.0	1.9333333333333333	0.8	0.0	3.8666666666666667	0.0	1.0
https://www.douban.com/people/152682201/	4.8	0.0	1.8666666666666667	2.8666666666666667	0.0	0.0	0.0	0.0
https://www.douban.com/people/156831903/	4.8	1.0	1.8666666666666667	0.9333333333333333	0.0	0.0	0.0	0.0
https://www.douban.com/people/179442194/	1.8666666666666667	0.0	2.8	2.9333333333333336	0.0	0.0	0.0	0.0
https://www.douban.com/people/74069309/	3.8	2.8666666666666667	0.0	1.9333333333333333	0.0	0.0	0.0	0.0
https://www.douban.com/people/acloud/	0.0	0.0	1.9333333333333333	0.9333333333333333	0.0	3.7333333333333334	1.0	0.0
https://www.douban.com/people/chenyan423/	0.0	0.0	1.9333333333333333	0.0	0.0	4.800000000000001	0.0	1.8666666666666667
https://www.douban.com/people/straybirds89/	0.0	0.0	1.9333333333333333	0.0	0.0	4.666666666666667	0.0	1.0
https://www.douban.com/people/162991251/	4.133333333333333	2.8000000000000003	1.7333333333333334	0.0	0.0	0.0	0.0	0.0
https://www.douban.com/people/1528521/	0.0	0.0	0.0	4.6	1.0	0.0	0.0	1.0
https://www.douban.com/people/3493699/	2.4000000000000004	0.0	0.9333333333333333	2.666666666666667	0.0	2.8	0.0	0.0
https://www.douban.com/people/59077971/	0.0	2.0	0.0	1.8666666666666667	0.0	2.7333333333333334	0.0	0.0
https://www.douban.com/people/1273166/	1.9333333333333333	0.0	0.0	2.0	0.0	0.0	2.8666666666666667	0.8
https://www.douban.com/people/155820171/	0.0	0.8	0.0	1.0	0.0	4.8	0.0	1.0
https://www.douban.com/people/177921804/	0.0	0.9333333333333333	1.0	1.0	0.0	2.7333333333333334	0.0	1.9333333333333333
https://www.douban.com/people/72100235/	0.0	0.0	0.0	0.0	0.0	4.6	0.0	2.8
https://www.douban.com/people/72213750/	0.9333333333333333	0.9333333333333333	0.0	0.0	0.0	3.9333333333333336	0.0	0.8
https://www.douban.com/people/75219920/	0.0	0.0	3.666666666666667	0.0	2.9333333333333336	0.0	0.0	0.0
https://www.douban.com/people/kalashnikovyang/	0.0	0.0	2.8666666666666667	1.0	0.0	0.0	0.0	3.7333333333333334
https://www.douban.com/people/roulong/	0.0	0.0	3.8	2.666666666666667	1.0	1.0	0.0	0.0
https://www.douban.com/people/poiiu37/	0.8	1.0	0.8	4.2	0.0	0.0	0.9333333333333333	0.0
https://www.douban.com/people/148248366/	0.0	1.0	0.0	1.8666666666666667	2.8	0.9333333333333333	0.0	0.0
https://www.douban.com/people/176317342/	0.0	0.0	1.8666666666666667	0.0	0.0	2.8666666666666667	0.9333333333333333	1.8666666666666667
https://www.douban.com/people/79094732/	0.0	0.9333333333333333	1.9333333333333333	0.0	0.9333333333333333	0.0	2.8	0.0
https://www.douban.com/people/nelavan/	0.0	0.9333333333333333	0.0	2.8666666666666667	0.0	0.0	2.8	0.0
https://www.douban.com/people/zhiyu66521/	0.0	0.0	1.0	0.0	0.0	5.6000000000000005	0.0	0.0
https://www.douban.com/people/122984435/	0.0	0.8	0.8	0.8	1.7333333333333334	0.0	1.7333333333333334	1.6
https://www.douban.com/people/45209521/	0.0	0.0	0.0	0.0	0.0	6.533333333333333	0.0	0.0
https://www.douban.com/people/80484960/	0.0	0.8	0.8	2.0	0.0	2.9333333333333336	0.0	0.0
https://www.douban.com/people/nknymphet/	3.8	3.533333333333333	0.0	1.0	0.0	0.0	0.0	0.0
https://www.douban.com/people/2608758/	0.0	0.0	0.0	2.9333333333333336	0.0	0.0	2.666666666666667	1.9333333333333333
https://www.douban.com/people/61151076/	0.0	1.7333333333333334	0.0	0.0	0.0	1.9333333333333333	0.0	4.8
https://www.douban.com/people/cancer_oy/	0.0	0.0	0.8	2.9333333333333336	0.0	0.9333333333333333	0.0	1.8666666666666667
https://www.douban.com/people/bigeyedog/	1.9333333333333333	0.0	0.9333333333333333	2.8666666666666667	1.8	0.0	0.0	0.0
https://www.douban.com/people/155774013/	2.0	0.0	4.0	0.3333333333333333	0.0	0.0	1.0	0.0
https://www.douban.com/people/80697447/	3.7333333333333334	0.0	2.8	0.9333333333333333	0.0	1.8666666666666667	0.0	0.0
https://www.douban.com/people/129283979/	0.0	0.0	0.0	0.0	0.0	6.0	0.0	0.9333333333333333
https://www.douban.com/people/chloe_ma/	0.0	0.0	0.9333333333333333	1.6	0.0	2.9333333333333336	0.0	1.0
https://www.douban.com/people/66784413/	0.0	0.8	0.0	0.0	0.0	5.666666666666667	0.0	0.0
https://www.douban.com/people/63732603/	2.8	1.0	0.0	0.0	0.0	0.0	3.0	0.6
https://www.douban.com/people/121675172/	1	1	0	0	0	3	0	1
https://www.douban.com/people/125610158/	2	0	1	4	0	0	1	0
https://www.douban.com/people/129637626/	0	2	1	1	0	3	0	1
https://www.douban.com/people/142038401/	0	0	0	0	0	6	0	0
https://www.douban.com/people/152576094/	0	2	1	0	1	1	0	1
https://www.douban.com/people/1549319/	0	0	2	0	0	4	0	1
https://www.douban.com/people/161014481/	0	0	1	1	0	3	0	2
https://www.douban.com/people/165769930/	2	1	2	2	0	0	0	0
https://www.douban.com/people/166922501/	0	0	0	0	0	6	0	0
https://www.douban.com/people/2530592/	1	0	1	3	0	1	1	0
https://www.douban.com/people/3487003/	1	2	0	2	0	0	0	1
https://www.douban.com/people/3620012/	3	0	1	1	0	0	0	2
https://www.douban.com/people/42325900/	0	0	2	1	2	0	1	0
https://www.douban.com/people/4835390/	0	0	2	2	0	1	2	0
https://www.douban.com/people/49186147/	0	3	0	0	0	1	0	3
https://www.douban.com/people/49761837/	0	0	1	4	1	0	0	0
https://www.douban.com/people/50021732/	4	0	2	1	0	0	0	0
https://www.douban.com/people/57759017/	0	0	0	1	0	1	0	5
https://www.douban.com/people/60076779/	0	0	0	0	0	4	0	3
https://www.douban.com/people/61739066/	0	0	2	0	0	3	1	2
https://www.douban.com/people/61885635/	2	2	1	0	0	1	0	0
https://www.douban.com/people/66592188/	0	6	0	0	0	0	0	0
https://www.douban.com/people/67234980/	0	0	1	2	0	3	0	0
https://www.douban.com/people/Jiabeihe/	0	0	0	2	2	2	0	1
https://www.douban.com/people/Momo_4781/	5	1	0	1	0	0	0	0
https://www.douban.com/people/PSK/	0	0	2	1	0	3	0	1
https://www.douban.com/people/chen1725/	0	0	0	4	0	2	0	0
https://www.douban.com/people/dearhjl/	0	0	2	1	0	0	3	1
https://www.douban.com/people/easykangroo/	0	0	1	1	2	2	0	0
https://www.douban.com/people/gcd0318/	1	0	2	0	0	0	2	2
https://www.douban.com/people/heartnow/	0	0	1	0	0	2	2	1
https://www.douban.com/people/jiafeimao/	5	0	0	2	0	0	1	0
https://www.douban.com/people/larrymoon/	0	0	0	6	0	0	0	0
https://www.douban.com/people/londonfog/	0	0	1	5	0	1	0	0
https://www.douban.com/people/onlineforever/	0	1	0	3	0	2	0	1
https://www.douban.com/people/readabroad/	0	0	2	0	0	2	0	3
https://www.douban.com/people/redscorpion/	1	0	1	4	0	1	0	0
https://www.douban.com/people/sabretooth/	1	0	5	3	0	0	0	0
https://www.douban.com/people/snower41/	1	0	0	3	1	0	1	0
https://www.douban.com/people/supman/	0	0	0	5	1	0	0	0
https://www.douban.com/people/sylvialove7/	1	0	3	2	0	0	0	1
https://www.douban.com/people/thinkingmind/	3	1	2	3	0	0	0	0
https://www.douban.com/people/weiling616/	1	2	1	4	0	0	0	0
https://www.douban.com/people/wuzhihong/	3	2	0	3	0	0	0	0
https://www.douban.com/people/zhaosong9999/	2	1	1	1	1	0	0	0
https://www.douban.com/people/nyavivian/	0.0	0.0	0.9333333333333333	0.0	0.0	2.666666666666667	1.9333333333333333	1.8666666666666667
https://www.douban.com/people/1060378/	0.0	0.0	0.0	3.8	0.0	1.0	1.6	0.0
https://www.douban.com/people/3278539/	3.6	0.0	0.8	1.8	0.0	0.0	1.0	0.0
https://www.douban.com/people/baiyanhuang/	0.0	0.0	2.0	0.8	0.0	2.8	0.0	1.8
https://www.douban.com/people/oldstreetlight/	1.8	0.8	0.0	6.4	0.0	0.0	0.0	0.0
https://www.douban.com/people/1055107/	3.7333333333333334	1.7333333333333334	0.0	1.6	0.0	0.0	0.9333333333333333	0.0
https://www.douban.com/people/124889071/	1.9333333333333333	3.0	1.0	0.0	0.0	0.0	0.0	0.0
https://www.douban.com/people/135350277/	2.0	0.0	0.9333333333333333	3.0	0.0	0.0	0.0	0.0
https://www.douban.com/people/136250822/	0.0	1.9333333333333333	4.0	0.0	0.0	0.0	0.0	0.0
https://www.douban.com/people/1378635/	0.0	0.0	2.0	0.0	0.0	2.0	1.0	2.9333333333333336
https://www.douban.com/people/139140450/	1.0	3.0	0.0	2.0	0.9333333333333333	0.0	0.0	1.0
https://www.douban.com/people/147365048/	1.9333333333333333	2.9333333333333336	2.0	1.0	0.0	0.0	0.0	0.0
https://www.douban.com/people/149449979/	1.0	3.0	0.0	1.9333333333333333	1.0	0.0	0.0	0.0
https://www.douban.com/people/157191958/	1.0	0.0	2.0	2.0	0.0	0.9333333333333333	0.0	0.0
https://www.douban.com/people/158867139/	0.0	0.0	2.0	0.0	0.0	4.933333333333334	0.0	0.0
https://www.douban.com/people/1675873/	0.0	0.9333333333333333	2.0	3.0	0.0	0.0	0.0	0.0
https://www.douban.com/people/190686040/	0.0	0.0	1.0	1.0	0.0	3.0	0.0	0.9333333333333333
https://www.douban.com/people/2582608/	4.933333333333334	0.0	1.9333333333333333	1.9333333333333333	0.0	0.0	0.0	0.0
https://www.douban.com/people/2776455/	0.0	0.0	0.0	0.0	0.0	5.933333333333334	0.0	0.0
https://www.douban.com/people/3109277/	2.9333333333333336	1.0	0.0	3.0	0.0	0.0	0.0	0.0
https://www.douban.com/people/48335885/	0.9333333333333333	0.0	3.0	1.0	0.0	0.0	0.0	2.0
https://www.douban.com/people/53448369/	0.9333333333333333	0.0	1.9333333333333333	4.0	0.0	0.0	0.0	0.0
https://www.douban.com/people/55631460/	3.0	0.9333333333333333	2.0	2.0	0.0	0.0	0.0	0.0
https://www.douban.com/people/57751415/	1.9333333333333333	1.9333333333333333	0.0	3.0	0.0	2.0	0.0	0.0
https://www.douban.com/people/59149009/	0.0	1.9333333333333333	2.0	1.0	1.0	1.0	0.0	0.0
https://www.douban.com/people/63896408/	0.0	2.0	0.9333333333333333	0.0	1.0	0.0	0.0	2.0
https://www.douban.com/people/6627923/	0.0	0.0	0.9333333333333333	2.0	0.0	3.0	0.0	0.0
https://www.douban.com/people/98685556/	1.9333333333333333	1.0	0.0	2.0	1.0	0.0	0.0	0.0
https://www.douban.com/people/Mabledu/	3.9333333333333336	0.0	1.0	2.0	1.0	0.0	0.0	0.0
https://www.douban.com/people/Tobylon/	1.0	1.9333333333333333	0.0	0.0	0.0	3.0	0.0	0.0
https://www.douban.com/people/Vicky_Jiang/	3.9333333333333336	0.0	1.0	0.0	2.0	0.0	0.0	0.0
https://www.douban.com/people/caos/	0.0	0.0	0.9333333333333333	4.0	0.0	1.0	0.0	0.0
https://www.douban.com/people/chandler-bing/	0.0	0.0	0.0	0.9333333333333333	0.0	0.0	5.0	0.0
https://www.douban.com/people/chuhanzhang/	1.0	0.0	3.0	0.0	0.0	0.0	0.0	1.9333333333333333
https://www.douban.com/people/heyitao/	0.0	0.0	1.0	1.0	0.0	3.9333333333333336	0.0	1.0
https://www.douban.com/people/ilray88/	2.0	1.9333333333333333	0.0	1.0	0.0	1.0	0.0	0.0
https://www.douban.com/people/iorizci/	0.0	0.0	0.0	3.0	0.0	2.0	0.9333333333333333	1.0
https://www.douban.com/people/legendLee/	0.0	0.0	0.0	0.0	0.0	5.933333333333334	0.0	0.0
https://www.douban.com/people/liuying4005/	0.0	0.9333333333333333	1.0	1.0	2.0	2.0	0.0	0.0
https://www.douban.com/people/muzizi347/	3.0	0.9333333333333333	0.0	1.0	2.0	0.0	0.0	0.0
https://www.douban.com/people/philosophia1979/	1.0	0.0	0.0	4.933333333333334	0.0	0.0	0.0	0.0
https://www.douban.com/people/poorcharles/	0.0	0.0	0.0	2.9333333333333336	1.0	0.0	2.0	0.0
https://www.douban.com/people/rasamond/	1.9333333333333333	0.0	0.0	0.0	0.0	3.0	1.0	0.0
https://www.douban.com/people/runcastor/	0.0	1.0	1.0	0.0	0.0	3.9333333333333336	0.0	0.0
https://www.douban.com/people/starlv/	0.0	2.9333333333333336	2.0	1.0	0.0	0.0	0.0	1.0
https://www.douban.com/people/wangyuanmeng/	0.0	0.9333333333333333	0.0	5.0	0.0	0.0	0.0	0.0
https://www.douban.com/people/water0melon/	0.0	5.933333333333334	0.0	0.0	0.0	0.0	0.0	0.0
https://www.douban.com/people/writerlin/	0.0	0.0	0.0	0.0	0.0	2.0	0.0	3.9333333333333336
https://www.douban.com/people/wuruiren/	3.9333333333333336	0.0	2.0	1.0	0.0	0.0	0.0	0.0
https://www.douban.com/people/1182787/	2.533333333333333	3.8	0.0	2.8666666666666667	0.0	0.0	0.0	0.0
https://www.douban.com/people/36687273/	1.6	1.0	0.0	2.8	0.0	0.0	0.9333333333333333	0.0
https://www.douban.com/people/RiverPheonix/	1.6	0.0	0.0	1.9333333333333333	0.0	0.0	0.9333333333333333	2.8666666666666667
https://www.douban.com/people/28068721/	1.7333333333333334	1.8666666666666667	1.8666666666666667	0.8	1.0	0.0	0.0	0.0
https://www.douban.com/people/1180698/	0.9333333333333333	0.0	0.0	2.0	0.0	0.0	2.9333333333333336	0.0
https://www.douban.com/people/145375704/	0.0	3.0	0.9333333333333333	1.0	0.0	0.0	0.9333333333333333	0.0
https://www.douban.com/people/149265737/	0.0	0.0	1.9333333333333333	1.0	0.0	3.9333333333333336	0.0	0.9333333333333333
https://www.douban.com/people/167100645/	0.0	4.866666666666667	1.0	0.0	0.0	0.0	0.0	0.0
https://www.douban.com/people/179219577/	0.0	0.0	0.9333333333333333	4.0	0.0	0.0	0.0	0.9333333333333333
https://www.douban.com/people/179615507/	0.0	0.0	0.9333333333333333	0.0	2.0	1.0	1.9333333333333333	0.0
https://www.douban.com/people/2221185/	0.0	3.866666666666667	0.0	0.0	2.0	0.0	0.0	0.0
https://www.douban.com/people/26265253/	0.0	0.9333333333333333	0.0	4.933333333333334	0.0	0.0	0.0	0.0
https://www.douban.com/people/3294190/	0.0	0.0	0.0	5.866666666666667	0.0	0.0	0.0	0.0
https://www.douban.com/people/36771726/	1.0	0.0	0.0	3.0	0.0	0.0	0.9333333333333333	1.9333333333333333
https://www.douban.com/people/61392425/	0.0	0.0	1.9333333333333333	0.0	0.0	4.933333333333334	0.0	0.0
https://www.douban.com/people/68266502/	0.0	0.0	0.9333333333333333	0.0	0.0	3.9333333333333336	0.0	1.9333333333333333
https://www.douban.com/people/Andgler/	0.0	1.0	0.0	1.0	0.9333333333333333	1.0	0.9333333333333333	2.0
https://www.douban.com/people/Eversint/	0.0	0.0	1.8666666666666667	0.9333333333333333	0.0	2.0	2.0	0.0
https://www.douban.com/people/WG126/	2.9333333333333336	0.9333333333333333	0.0	3.866666666666667	0.0	0.0	0.0	0.0
https://www.douban.com/people/celiaking/	1.0	0.9333333333333333	0.0	4.0	0.9333333333333333	0.0	0.0	0.0
https://www.douban.com/people/dreamlin/	1.0	3.866666666666667	0.0	0.0	0.0	0.0	0.0	1.0
https://www.douban.com/people/forcode/	0.0	0.9333333333333333	2.0	0.9333333333333333	0.0	2.9333333333333336	0.0	1.0
https://www.douban.com/people/heatlife/	1.9333333333333333	0.0	2.0	1.9333333333333333	0.0	1.0	0.0	1.0
https://www.douban.com/people/hecaitou/	1.8666666666666667	1.0	1.0	1.0	1.0	0.0	0.0	0.0
https://www.douban.com/people/iheyou/	1.0	0.0	1.8666666666666667	4.933333333333334	0.0	0.0	0.0	0.0
https://www.douban.com/people/jyduan/	0.0	0.0	0.0	3.0	0.0	0.9333333333333333	1.0	0.9333333333333333
https://www.douban.com/people/wenzi1019/	1.0	2.9333333333333336	0.0	2.0	0.0	0.0	0.9333333333333333	0.0
https://www.douban.com/people/wy2004/	2.0	2.8666666666666667	2.9333333333333336	1.0	0.0	0.0	0.0	0.0
https://www.douban.com/people/zhuxiaoqing/	2.9333333333333336	0.0	2.0	1.9333333333333333	0.0	0.0	0.0	0.0
https://www.douban.com/people/115975882/	0.0	0.0	2.0	3.0	0.0	0.8	0.0	0.0
https://www.douban.com/people/153770921/	0.0	3.0	0.8	0.0	0.0	2.0	0.0	0.0
https://www.douban.com/people/175778657/	0.0	3.8	0.0	0.0	2.0	0.0	0.0	0.0
https://www.douban.com/people/47916859/	0.0	0.0	0.8	2.0	0.0	1.0	0.0	3.0
https://www.douban.com/people/59333909/	0.0	0.0	0.0	0.0	1.0	3.8	1.0	0.0
https://www.douban.com/people/73444245/	0.0	1.0	1.0	0.8	0.0	4.0	0.0	0.0
https://www.douban.com/people/77870644/	0.0	0.0	0.0	4.8	0.0	1.0	0.0	0.0
https://www.douban.com/people/84744874/	0.0	0.0	2.0	0.0	0.0	3.8	0.0	1.8
https://www.douban.com/people/daihui/	0.0	5.8	1.0	0.0	0.0	0.0	0.0	0.0
https://www.douban.com/people/metaldudu/	0.0	0.0	1.0	3.0	0.0	1.8	0.0	0.0
https://www.douban.com/people/powerfulee/	0.0	0.0	2.8	4.0	0.0	0.0	0.0	0.0
https://www.douban.com/people/yunalso/	1.8	1.0	0.8	5.0	0.0	0.0	0.0	0.0
https://www.douban.com/people/149001309/	0.0	0.0	0.0	2.8	0.0	2.533333333333333	0.0	1.7333333333333334
https://www.douban.com/people/131217544/	0.9333333333333333	0.0	0.0	2.9333333333333336	0.0	1.0	1.0	0.9333333333333333
https://www.douban.com/people/144293441/	3.9333333333333336	0.0	3.8	0.0	0.0	0.0	0.0	0.0
https://www.douban.com/people/147718538/	0.0	1.0	1.0	0.0	0.0	0.0	1.9333333333333333	1.8666666666666667
https://www.douban.com/people/153401619/	1.9333333333333333	2.9333333333333336	1.8666666666666667	1.0	0.0	0.0	0.0	0.0
https://www.douban.com/people/157784770/	1.0	0.9333333333333333	0.9333333333333333	0.0	0.0	2.0	0.0	0.9333333333333333
https://www.douban.com/people/182795519/	2.8666666666666667	2.9333333333333336	0.0	0.0	0.0	0.0	0.0	0.0
https://www.douban.com/people/2536300/	2.9333333333333336	2.8666666666666667	0.0	1.0	0.0	0.0	0.9333333333333333	0.0
https://www.douban.com/people/33631239/	2.9333333333333336	1.9333333333333333	0.0	0.0	0.0	0.9333333333333333	0.0	0.9333333333333333
https://www.douban.com/people/55279265/	0.0	1.0	0.0	0.0	0.0	4.8	0.0	0.0
https://www.douban.com/people/bookbug/	2.8666666666666667	3.0	0.0	0.0	0.9333333333333333	0.0	0.0	0.0
https://www.douban.com/people/chengweiyezhu/	3.9333333333333336	0.0	0.0	2.8666666666666667	0.0	0.0	0.0	0.0
https://www.douban.com/people/daidaitiger/	0.0	0.0	1.0	1.0	0.0	2.9333333333333336	0.0	2.8
https://www.douban.com/people/fafas/	1.8666666666666667	0.0	0.9333333333333333	3.0	0.9333333333333333	0.0	0.0	0.0
https://www.douban.com/people/fhzxj/	1.0	1.0	0.0	2.8	0.0	0.0	1.0	0.0
https://www.douban.com/people/flywings/	1.8666666666666667	0.9333333333333333	0.0	3.9333333333333336	0.0	0.0	0.0	0.0
https://www.douban.com/people/jiaon/	3.9333333333333336	0.0	1.0	0.9333333333333333	0.0	0.9333333333333333	0.0	0.0
https://www.douban.com/people/laowantong/	2.8666666666666667	2.0	0.0	0.0	0.9333333333333333	0.0	0.0	0.0
https://www.douban.com/people/mengmengpeng/	0.0	0.0	0.0	1.9333333333333333	0.0	3.866666666666667	0.0	0.9333333333333333
https://www.douban.com/people/nathanxu/	0.9333333333333333	1.0	2.0	2.8666666666666667	0.0	0.0	0.0	0.0
https://www.douban.com/people/qop/	0.0	0.0	1.0	1.0	0.0	0.0	1.9333333333333333	3.866666666666667
https://www.douban.com/people/3713265/	0.0	0.0	0.0	0.0	0.0	3.8	0.0	3.0
https://www.douban.com/people/49383199/	0.0	0.9333333333333333	1.8666666666666667	1.0	0.0	2.0	0.0	0.0
https://www.douban.com/people/61890384/	2.8	0.0	0.0	1.9333333333333333	0.0	0.0	0.0	2.0
https://www.douban.com/people/HH1130/	2.8666666666666667	0.0	0.0	0.9333333333333333	1.0	0.0	1.0	0.0
https://www.douban.com/people/ellann/	0.0	0.0	0.9333333333333333	0.0	0.0	3.8	0.0	3.0
https://www.douban.com/people/kevingchan/	1.9333333333333333	0.0	0.0	1.8666666666666667	0.0	0.0	2.0	0.0
https://www.douban.com/people/yisuilife/	3.8	2.0	0.0	0.9333333333333333	0.0	0.0	0.0	0.0
https://www.douban.com/people/83189006/	0.0	0.0	0.9333333333333333	2.8666666666666667	0.0	1.6	0.0	0.8
https://www.douban.com/people/linzexiang/	0.0	0.0	0.0	5.266666666666667	0.0	0.0	0.0	0.9333333333333333
https://www.douban.com/people/34578973/	1.0	0.0	2.0	1.0	0.0	1.9333333333333333	0.0	1.7333333333333334
https://www.douban.com/people/48193283/	0.0	0.0	0.0	0.0	0.0	0.9333333333333333	0.0	5.733333333333333
https://www.douban.com/people/JoyChen38/	1.0	1.8	1.0	0.0	0.0	0.0	2.9333333333333336	0.0
https://www.douban.com/people/dingruoding/	0.0	0.8	1.9333333333333333	3.0	0.0	0.0	0.0	0.0
https://www.douban.com/people/haolloyin/	0.0	0.0	0.8	0.0	0.0	0.0	0.0	4.933333333333334
https://www.douban.com/people/huaxiren/	0.8	2.9333333333333336	0.0	0.0	0.0	0.0	0.0	2.0
https://www.douban.com/people/jirafa/	0.0	0.9333333333333333	1.8	1.0	0.0	2.0	0.0	1.0
https://www.douban.com/people/logicai/	0.0	0.0	0.9333333333333333	0.0	0.0	4.8	0.0	0.0
https://www.douban.com/people/weiweibujuan/	1.8	0.0	3.9333333333333336	1.0	0.0	0.0	0.0	0.0
https://www.douban.com/people/yoyo_ran/	2.7333333333333334	0.0	1.0	2.0	0.0	0.0	0.0	0.0
https://www.douban.com/people/58758413/	0.0	0.0	0.0	2.0	0.0	3.7333333333333334	0.0	0.0
https://www.douban.com/people/candydp/	0.0	0.0	1.0	0.0	0.0	4.800000000000001	0.0	1.8666666666666667
https://www.douban.com/people/leihit/	0.0	0.0	2.0	1.0	0.0	0.9333333333333333	0.0	3.7333333333333334
https://www.douban.com/people/lonefay/	0.0	0.0	2.0	3.8	0.0	0.9333333333333333	0.0	0.9333333333333333
https://www.douban.com/people/zaglea/	0.0	0.0	1.0	0.0	0.0	5.733333333333334	0.0	0.0
https://www.douban.com/people/1034143/	0.9333333333333333	2.9333333333333336	1.8666666666666667	0.9333333333333333	0.0	0.0	0.0	0.0
https://www.douban.com/people/149443746/	0.0	1.8666666666666667	0.0	0.0	0.0	0.0	0.0	3.866666666666667
https://www.douban.com/people/1708899/	0.9333333333333333	1.0	0.9333333333333333	2.0	1.8666666666666667	0.0	0.0	0.0
https://www.douban.com/people/60207825/	0.0	0.0	0.0	0.9333333333333333	1.9333333333333333	1.9333333333333333	0.9333333333333333	0.0
https://www.douban.com/people/bigteeth/	1.0	2.8	0.9333333333333333	1.9333333333333333	0.0	0.0	0.0	0.0
https://www.douban.com/people/hydehuyi/	0.0	1.9333333333333333	0.0	0.0	0.0	1.9333333333333333	0.0	2.8666666666666667
https://www.douban.com/people/mikesome/	1.0	0.0	0.0	2.8666666666666667	0.0	0.9333333333333333	0.0	1.9333333333333333
https://www.douban.com/people/moyanruxue/	1.9333333333333333	1.8666666666666667	0.0	1.8666666666666667	1.0	0.0	0.0	0.9333333333333333
https://www.douban.com/people/mpwin/	0.0	0.0	1.0	0.0	0.0	0.9333333333333333	0.0	4.733333333333333
https://www.douban.com/people/oldtime/	0.9333333333333333	3.866666666666667	0.0	0.0	0.0	0.0	0.9333333333333333	0.0
https://www.douban.com/people/suzie0319/	2.8666666666666667	1.9333333333333333	0.9333333333333333	0.0	0.9333333333333333	0.0	0.0	0.0
https://www.douban.com/people/vedacode/	1.8666666666666667	1.0	0.9333333333333333	1.9333333333333333	0.9333333333333333	0.0	0.0	0.0
https://www.douban.com/people/yianhq/	1.0	2.8666666666666667	1.0	0.0	0.0	0.0	0.0	1.8666666666666667
https://www.douban.com/people/38643817/	2.666666666666667	2.533333333333333	0.0	0.9333333333333333	0.0	0.0	0.0	0.0
https://www.douban.com/people/Morris./	1.9333333333333333	1.0	0.9333333333333333	3.8	0.0	0.0	0.0	0.0
https://www.douban.com/people/186221561/	0.0	0.0	1.8	1.0	2.9333333333333336	0.9333333333333333	0.0	0.0
https://www.douban.com/people/50510175/	0.0	0.0	0.9333333333333333	0.0	0.0	4.733333333333333	0.0	0.0
https://www.douban.com/people/Akiii7/	0.9333333333333333	0.0	0.0	1.8	0.0	0.9333333333333333	0.0	2.0
https://www.douban.com/people/robin1123/	0.0	1.9333333333333333	0.0	0.8	1.0	1.9333333333333333	0.0	0.0
https://www.douban.com/people/siikee/	0.0	0.0	0.9333333333333333	0.9333333333333333	0.0	0.8	0.0	3.9333333333333336
https://www.douban.com/people/wellsli2015/	0.0	0.0	0.0	3.0	0.0	0.9333333333333333	0.0	1.7333333333333334
https://www.douban.com/people/xiaojia86/	4.733333333333333	0.0	2.0	0.0	0.0	0.0	0.9333333333333333	0.0
https://www.douban.com/people/wugr/	0.0	0.0	0.0	0.0	0.0	5.6	0.0	0.0
https://www.douban.com/people/138544415/	1.0	0.0	1.8666666666666667	0.0	0.0	0.9333333333333333	1.8666666666666667	0.0
https://www.douban.com/people/146562544/	0.0	0.0	0.0	0.0	0.0	5.666666666666667	0.0	0.0
https://www.douban.com/people/152795399/	0.0	0.9333333333333333	0.0	0.0	0.0	1.9333333333333333	0.0	3.7333333333333334
https://www.douban.com/people/155490623/	3.7333333333333334	0.0	1.0	1.8666666666666667	0.0	0.0	0.0	0.9333333333333333
https://www.douban.com/people/169280074/	0.0	0.0	0.9333333333333333	0.9333333333333333	1.0	0.0	2.8	0.0
https://www.douban.com/people/183909131/	0.0	3.8	1.8666666666666667	0.0	0.0	0.0	0.0	0.0
https://www.douban.com/people/2004519/	0.0	0.9333333333333333	0.9333333333333333	2.8	1.0	0.0	0.0	0.0
https://www.douban.com/people/63383806/	0.9333333333333333	0.0	0.0	0.0	0.0	4.733333333333333	0.0	0.0
https://www.douban.com/people/Luna-cat/	1.0	2.8666666666666667	0.0	0.0	0.0	1.8666666666666667	0.9333333333333333	0.0
https://www.douban.com/people/panpansusan/	1.9333333333333333	0.0	0.0	0.0	0.0	3.7333333333333334	0.0	0.9333333333333333
https://www.douban.com/people/rickiehui/	0.0	1.8666666666666667	0.0	0.0	0.0	2.8	0.0	1.0
https://www.douban.com/people/tanbupofengqing/	0.0	0.0	0.0	4.733333333333333	0.0	0.9333333333333333	0.0	0.9333333333333333
https://www.douban.com/people/vandean/	0.9333333333333333	3.7333333333333334	0.0	0.0	1.0	0.0	0.0	0.0
https://www.douban.com/people/zhihuikong/	0.0	0.0	0.9333333333333333	0.0	0.0	2.8666666666666667	1.8666666666666667	0.0
https://www.douban.com/people/44025692/	0.0	0.0	1.0	2.8	0.0	1.8	0.0	0.0
https://www.douban.com/people/beepee/	2.0	0.0	3.0	1.8	0.0	0.8	0.0	0.0
https://www.douban.com/people/137185474/	0.0	0.0	1.9333333333333333	0.0	0.0	2.9333333333333336	0.0	1.7333333333333334
https://www.douban.com/people/73952321/	0.0	0.0	0.0	4.666666666666667	0.0	0.0	0.0	0.9333333333333333
https://www.douban.com/people/freedxy/	1.0	1.0	0.0	1.9333333333333333	0.0	0.9333333333333333	0.0	1.7333333333333334
https://www.douban.com/people/pixel32/	0.0	0.9333333333333333	1.0	2.8666666666666667	0.0	1.7333333333333334	0.0	0.0
https://www.douban.com/people/127787408/	0.0	0.0	0.0	1.0	0.0	1.8666666666666667	0.0	2.7333333333333334
https://www.douban.com/people/1383312/	1.0	0.9333333333333333	0.8	1.0	0.0	2.8666666666666667	0.0	0.0
https://www.douban.com/people/158653952/	0.0	0.0	2.7333333333333334	0.9333333333333333	0.9333333333333333	0.0	0.0	1.0
https://www.douban.com/people/3517637/	2.0	1.7333333333333334	1.0	0.9333333333333333	1.8666666666666667	0.0	0.0	0.0
https://www.douban.com/people/43316131/	0.8	1.8666666666666667	0.0	1.9333333333333333	1.0	0.0	0.0	0.0
https://www.douban.com/people/47258020/	2.8666666666666667	1.0	0.0	1.7333333333333334	0.0	0.0	0.0	1.0
https://www.douban.com/people/92596506/	0.0	0.0	0.0	0.0	0.0	3.5999999999999996	2.0	0.0
https://www.douban.com/people/cnpirate/	0.0	0.0	0.0	1.9333333333333333	0.0	2.7333333333333334	0.0	1.8666666666666667
https://www.douban.com/people/critina/	0.0	0.0	1.0	1.0	0.0	4.6	0.0	0.8
https://www.douban.com/people/suliying/	1.0	0.0	2.666666666666667	0.9333333333333333	0.0	0.9333333333333333	1.0	0.0
https://www.douban.com/people/1739577/	0.0	0.0	1.9333333333333333	0.6	0.0	0.0	3.0	0.0
https://www.douban.com/people/youngkingdom/	2.6	0.9333333333333333	2.0	1.0	0.0	0.0	1.0	0.0
https://www.douban.com/people/1003623/	0.9333333333333333	0.9333333333333333	0.0	3.7333333333333334	0.0	0.0	0.0	0.0
https://www.douban.com/people/1207019/	1.8666666666666667	3.7333333333333334	0.9333333333333333	0.0	0.0	0.0	0.9333333333333333	0.0
https://www.douban.com/people/131070936/	0.0	0.9333333333333333	0.9333333333333333	4.666666666666667	0.0	0.0	0.0	0.9333333333333333
https://www.douban.com/people/35817763/	0.9333333333333333	1.8666666666666667	0.0	0.9333333333333333	0.0	1.8666666666666667	0.0	0.9333333333333333
https://www.douban.com/people/55369952/	1.8666666666666667	1.8666666666666667	0.9333333333333333	0.0	0.0	0.9333333333333333	0.0	0.9333333333333333
https://www.douban.com/people/Sedgewick/	0.0	0.0	0.0	0.0	0.9333333333333333	2.8	0.0	1.8666666666666667
https://www.douban.com/people/imorange/	0.0	0.0	0.0	1.8666666666666667	0.0	3.7333333333333334	0.0	0.0
https://www.douban.com/people/windtunle/	0.0	0.0	0.0	4.666666666666667	0.0	0.0	0.9333333333333333	0.0
https://www.douban.com/people/wlhui/	2.8	2.8	0.9333333333333333	0.9333333333333333	0.0	0.0	0.0	0.0
https://www.douban.com/people/156431867/	2.8	2.2	0.0	0.9333333333333333	0.0	0.0	0.0	0.9333333333333333
https://www.douban.com/people/60854980/	0.0	2.4000000000000004	0.0	0.0	0.8	1.8666666666666667	0.9333333333333333	0.9333333333333333
https://www.douban.com/people/42884805/	0.0	0.0	2.8	2.533333333333333	0.0	1.6	0.0	0.0
https://www.douban.com/people/kenshin/	0.0	5.533333333333333	0.0	0.0	0.0	0.0	0.0	0.0
https://www.douban.com/people/12511983/	0.0	0.0	0.9333333333333333	0.9333333333333333	0.8	1.0	1.8666666666666667	0.0
https://www.douban.com/people/172353804/	0.0	1.9333333333333333	0.0	0.0	0.0	0.8	0.0	3.6000000000000005
https://www.douban.com/people/46812272/	1.0	2.8	0.0	1.7333333333333334	0.0	0.0	0.0	0.0
https://www.douban.com/people/63826151/	0.9333333333333333	0.0	1.0	0.8	0.0	0.9333333333333333	0.9333333333333333	1.8666666666666667
https://www.douban.com/people/66650717/	0.8	0.9333333333333333	0.0	0.9333333333333333	0.0	2.8666666666666667	0.0	0.0
https://www.douban.com/people/CloudRiver/	0.8	1.0	1.0	1.8666666666666667	0.0	0.9333333333333333	0.0	0.9333333333333333
https://www.douban.com/people/FrontAndBack/	0.0	0.0	1.0	0.8	0.9333333333333333	2.8	0.0	1.0
https://www.douban.com/people/JH_Gao/	0.0	0.0	0.0	0.0	0.0	1.8666666666666667	0.0	5.533333333333333
https://www.douban.com/people/cswuyg/	0.0	0.0	0.0	0.0	0.0	2.666666666666667	0.0	3.8
https://www.douban.com/people/gegaoxin/	0.0	0.0	0.0	1.0	0.0	3.6000000000000005	0.0	0.9333333333333333
https://www.douban.com/people/yuyanjun/	0.8	0.0	0.0	0.0	0.0	3.8	0.0	1.9333333333333333
https://www.douban.com/people/55420684/	0.0	0.0	0.9333333333333333	1.8666666666666667	1.0	1.8666666666666667	0.0	0.8
https://www.douban.com/people/3026459/	0.0	1.8666666666666667	0.0	3.6	0.0	0.0	0.0	0.0
https://www.douban.com/people/pubb/	0.0	0.0	2.6	1.9333333333333333	0.0	0.9333333333333333	1.0	0.9333333333333333
https://www.douban.com/people/y17wang/	0.0	0.0	0.0	1.0	0.9333333333333333	3.6666666666666665	0.0	1.0
https://www.douban.com/people/158573979/	0.8	0.0	1.7333333333333334	0.9333333333333333	0.0	2.0	0.0	0.0
https://www.douban.com/people/71518084/	1.0	0.8	0.9333333333333333	0.0	0.0	2.7333333333333334	0.0	0.9333333333333333
https://www.douban.com/people/MOMOWOWO/	1.8	2.7333333333333334	0.0	0.0	0.9333333333333333	0.0	0.0	0.0
https://www.douban.com/people/hoopdyy/	0.9333333333333333	0.0	0.0	2.0	1.6	0.0	0.9333333333333333	0.0
https://www.douban.com/people/hzyblue/	0.0	1.0	0.0	0.8	0.8	0.0	1.8666666666666667	1.0
https://www.douban.com/people/sivaGao/	0.0	0.0	2.0	2.533333333333333	0.0	0.9333333333333333	0.0	0.9333333333333333
https://www.douban.com/people/151068915/	0.0	4.666666666666667	0.0	0.0	0.0	0.0	0.8	0.0
https://www.douban.com/people/45986208/	0.0	0.0	2.8666666666666667	0.0	0.0	2.6	0.0	0.0
https://www.douban.com/people/wishdan/	0.8	5.466666666666667	0.0	0.0	0.0	0.0	0.0	0.0
https://www.douban.com/people/xiaofeiyang/	0.0	0.0	0.8	4.666666666666667	0.0	0.0	0.0	1.8
https://www.douban.com/people/103564682/	1	0	0	0	0	0	4	0
https://www.douban.com/people/104742493/	0	0	3	2	0	1	0	0
https://www.douban.com/people/1051433/	4	0	0	2	0	0	0	0
https://www.douban.com/people/110105540/	2	0	1	0	1	0	1	1
https://www.douban.com/people/130395531/	0	0	0	0	0	5	0	0
https://www.douban.com/people/137792318/	0	0	1	4	0	0	0	0
https://www.douban.com/people/141124665/	0	0	0	3	1	0	0	1
https://www.douban.com/people/141942801/	0	0	1	0	0	5	0	0
https://www.douban.com/people/147681591/	0	0	0	0	0	4	1	1
https://www.douban.com/people/1478530/	0	0	0	0	0	4	0	1
https://www.douban.com/people/153962579/	0	0	0	0	0	5	0	0
https://www.douban.com/people/163038575/	0	0	1	0	0	4	0	1
https://www.douban.com/people/170330328/	1	0	2	0	0	0	1	1
https://www.douban.com/people/179461621/	1	2	2	0	1	0	0	0
https://www.douban.com/people/190277246/	0	0	0	0	0	5	0	0
https://www.douban.com/people/191697040/	0	0	0	1	1	3	0	0
https://www.douban.com/people/196170268/	0	2	0	1	0	3	0	1
https://www.douban.com/people/34002649/	0	0	0	3	0	1	0	1
https://www.douban.com/people/3415843/	3	0	0	2	0	0	0	1
https://www.douban.com/people/3439529/	1	1	0	3	0	0	1	0
https://www.douban.com/people/3606444/	1	0	0	0	0	4	0	0
https://www.douban.com/people/38591131/	0	0	2	1	0	3	0	0
https://www.douban.com/people/3899682/	2	0	3	0	0	0	0	0
https://www.douban.com/people/4158954/	0	0	5	1	0	0	0	0
https://www.douban.com/people/47044131/	3	0	0	3	0	0	0	0
https://www.douban.com/people/47187983/	1	0	2	2	0	1	0	0
https://www.douban.com/people/47747578/	0	0	0	0	0	5	0	0
https://www.douban.com/people/49198491/	0	0	0	0	0	3	0	2
https://www.douban.com/people/51849783/	0	0	0	0	2	3	0	0
https://www.douban.com/people/51976025/	1	0	1	0	0	0	1	2
https://www.douban.com/people/54105382/	0	0	1	0	0	2	0	2
https://www.douban.com/people/57228110/	0	0	0	1	0	4	0	0
https://www.douban.com/people/63242798/	0	2	1	0	0	1	0	1
https://www.douban.com/people/63379696/	1	3	1	0	0	0	0	0
https://www.douban.com/people/63395166/	0	4	1	0	0	0	0	0
https://www.douban.com/people/63760364/	4	0	2	0	0	0	0	0
https://www.douban.com/people/64062979/	0	0	0	1	0	1	1	2
https://www.douban.com/people/65725486/	2	0	0	0	0	1	0	2
https://www.douban.com/people/79814230/	0	0	0	0	0	2	0	4
https://www.douban.com/people/Bobokunkun/	1	0	2	3	0	0	1	0
https://www.douban.com/people/JACKKING_DEFIER/	0	0	3	2	0	0	0	1
https://www.douban.com/people/OpticalComputer/	3	0	0	1	1	1	0	0
https://www.douban.com/people/Pru/	1	0	0	2	0	1	2	0
https://www.douban.com/people/Strongart/	0	3	0	1	0	0	1	0
https://www.douban.com/people/alwd/	3	2	1	2	0	0	0	0
https://www.douban.com/people/blacksuperman/	0	0	2	3	0	0	0	0
https://www.douban.com/people/bonymiao/	0	2	0	0	0	1	0	3
https://www.douban.com/people/cjaronaldo/	3	2	0	1	0	0	0	0
https://www.douban.com/people/danielleo/	0	0	0	0	0	5	0	0
https://www.douban.com/people/eageleye/	0	0	1	2	0	3	0	0
https://www.douban.com/people/eaglex/	0	0	1	1	0	4	0	0
https://www.douban.com/people/flowernora/	0	0	1	0	0	1	1	3
https://www.douban.com/people/fm365bbs/	2	0	0	0	1	0	1	1
https://www.douban.com/people/fonteyn/	3	0	0	1	0	0	2	0
https://www.douban.com/people/graceguolinjing/	0	0	0	0	0	3	1	2
https://www.douban.com/people/haiyangchen/	1	0	2	2	1	0	0	0
https://www.douban.com/people/hello-vera/	0	2	0	3	0	0	0	0
https://www.douban.com/people/heruns/	0	0	0	5	0	0	0	0
https://www.douban.com/people/htwo/	1	0	0	4	0	0	0	0
https://www.douban.com/people/huzhenghui37/	0	0	2	3	0	1	0	0
https://www.douban.com/people/joseywong/	2	0	0	3	0	0	0	0
https://www.douban.com/people/kakulupia/	0	0	1	0	0	4	0	1
https://www.douban.com/people/kanlixiang/	3	1	0	1	1	0	0	0
https://www.douban.com/people/koiwai0908/	1	0	0	4	0	0	0	0
https://www.douban.com/people/littlehorse/	0	0	0	0	0	2	0	4
https://www.douban.com/people/liyanan/	4	0	1	1	0	0	0	0
https://www.douban.com/people/meiyang/	1	0	1	3	0	0	0	0
https://www.douban.com/people/milamiyaff/	2	0	1	0	0	1	0	3
https://www.douban.com/people/nagejuanjuanmao/	0	0	1	0	0	5	0	0
https://www.douban.com/people/omegalee/	2	0	0	5	0	0	0	0
https://www.douban.com/people/pkuwalker/	0	0	2	3	0	0	0	0
https://www.douban.com/people/qidafang/	1	0	0	1	0	0	3	0
https://www.douban.com/people/shutupfreud/	1	0	2	1	0	0	1	0
https://www.douban.com/people/sonet/	1	2	0	3	0	0	0	0
https://www.douban.com/people/sweetmiss-why/	1	0	0	2	1	0	1	0
https://www.douban.com/people/tinmin/	1	2	0	2	0	0	0	0
https://www.douban.com/people/tttaba/	0	2	2	2	0	0	0	0
https://www.douban.com/people/xiaostone01/	0	0	0	0	0	0	0	5
https://www.douban.com/people/xlamborghini/	0	0	0	0	0	2	0	5
https://www.douban.com/people/yangui/	1	0	0	3	1	0	0	0
https://www.douban.com/people/yangyousan/	0	0	0	2	0	1	0	3
https://www.douban.com/people/yeeeeejing/	1	4	0	0	0	0	0	0
https://www.douban.com/people/young753951/	0	2	0	0	0	0	1	2
https://www.douban.com/people/youyou/	1	0	0	4	0	0	1	0
https://www.douban.com/people/zhaofan74/	0	0	0	3	0	0	0	2
https://www.douban.com/people/ziqian/	0	0	3	2	0	0	0	1
https://www.douban.com/people/141227972/	4.533333333333333	0.0	0.0	0.0	0.0	0.0	0.0	0.9333333333333333
https://www.douban.com/people/160807840/	1.8666666666666667	3.6000000000000005	0.0	0.0	0.0	0.0	0.0	0.0
https://www.douban.com/people/73948047/	0.0	0.0	0.9333333333333333	2.8	0.0	1.7333333333333334	0.0	0.9333333333333333
https://www.douban.com/people/Pariscatzi/	0.9333333333333333	5.466666666666667	0.0	0.0	0.0	0.0	0.0	0.0
https://www.douban.com/people/bolf/	0.0	0.0	0.9333333333333333	0.0	0.0	2.8	0.0	3.6000000000000005
https://www.douban.com/people/luhua/	0.0	2.8	0.8	1.8666666666666667	0.0	0.0	0.0	0.0
https://www.douban.com/people/161387020/	0.0	0.0	0.0	3.0	0.0	2.4000000000000004	0.0	0.0
https://www.douban.com/people/4206974/	0.0	0.0	0.0	0.0	0.0	5.3999999999999995	0.0	0.0
https://www.douban.com/people/71295533/	0.8	0.0	1.0	0.0	0.0	1.0	1.0	1.6
https://www.douban.com/people/90809836/	1.0	0.0	0.0	0.0	0.0	4.4	0.0	0.0
https://www.douban.com/people/youhuang/	0.8	1.0	4.4	2.0	0.0	0.0	0.0	0.0
https://www.douban.com/people/2527597/	0.8	0.8	0.8	0.0	0.0	2.8	0.0	3.266666666666667
https://www.douban.com/people/1470842/	2.666666666666667	3.533333333333333	0.0	0.0	0.0	0.0	0.0	0.0
https://www.douban.com/people/janne/	3.8	0.8	0.0	1.7333333333333334	0.0	0.0	0.0	0.0
https://www.douban.com/people/1209716/	0.9333333333333333	0.0	0.8	1.9333333333333333	0.0	0.8	0.9333333333333333	0.0
https://www.douban.com/people/66771943/	0.9333333333333333	0.0	1.0	2.533333333333333	0.0	0.0	0.0	0.9333333333333333
https://www.douban.com/people/1031913/	1.9333333333333333	1.0	0.0	1.0	0.0	0.0	0.0	1.0
https://www.douban.com/people/103915810/	0.0	0.0	0.0	0.0	1.0	3.0	0.0	0.9333333333333333
https://www.douban.com/people/104458313/	1.0	0.0	1.0	0.0	0.0	2.0	1.0	0.9333333333333333
https://www.douban.com/people/1125487/	0.0	0.0	0.0	3.9333333333333336	0.0	1.0	0.0	0.0
https://www.douban.com/people/119921731/	2.0	0.0	1.0	0.0	1.0	1.9333333333333333	0.0	0.0
https://www.douban.com/people/120635979/	0.0	0.0	0.0	0.9333333333333333	2.0	0.0	2.0	0.0
https://www.douban.com/people/122858309/	0.9333333333333333	3.0	0.0	0.0	1.0	0.0	0.0	0.0
https://www.douban.com/people/1269806/	1.0	0.0	1.0	0.0	0.0	3.9333333333333336	0.0	0.0
https://www.douban.com/people/1270613/	0.0	0.0	0.0	0.0	0.0	3.9333333333333336	0.0	1.0
https://www.douban.com/people/136841450/	1.0	2.9333333333333336	0.0	0.0	1.0	0.0	0.0	0.0
https://www.douban.com/people/139702794/	2.0	0.0	1.0	1.0	0.0	0.9333333333333333	0.0	1.0
https://www.douban.com/people/146481895/	0.0	1.0	2.0	0.9333333333333333	0.0	0.0	0.0	1.0
https://www.douban.com/people/146796497/	0.0	4.933333333333334	0.0	0.0	0.0	0.0	0.0	0.0
https://www.douban.com/people/153753968/	0.0	2.0	0.0	0.0	0.9333333333333333	0.0	1.0	1.0
https://www.douban.com/people/154630768/	0.0	2.0	0.0	0.0	0.0	0.0	2.9333333333333336	0.0
https://www.douban.com/people/155235939/	0.0	0.0	1.0	0.0	0.0	2.9333333333333336	0.0	2.0
https://www.douban.com/people/155602014/	2.0	0.9333333333333333	0.0	0.0	2.0	0.0	0.0	0.0
https://www.douban.com/people/156836515/	2.9333333333333336	2.0	0.0	0.0	0.0	0.0	0.0	0.0
https://www.douban.com/people/1575825/	0.0	1.0	2.0	1.0	0.0	1.9333333333333333	0.0	0.0
https://www.douban.com/people/159171015/	0.0	0.0	0.0	1.0	0.0	3.0	0.0	0.9333333333333333
https://www.douban.com/people/161562277/	0.0	0.0	0.0	0.9333333333333333	0.0	4.0	0.0	0.0
https://www.douban.com/people/174607648/	2.0	0.9333333333333333	0.0	1.0	0.0	1.0	0.0	0.0
https://www.douban.com/people/186509661/	0.0	0.0	2.0	0.9333333333333333	0.0	2.0	0.0	1.9333333333333333
https://www.douban.com/people/188300485/	0.0	0.0	0.0	0.0	0.0	4.933333333333334	0.0	0.0
https://www.douban.com/people/2760432/	0.0	1.0	1.0	1.9333333333333333	0.0	2.0	0.0	0.0
https://www.douban.com/people/3773023/	0.0	1.0	0.0	3.9333333333333336	0.0	0.0	0.0	0.0
https://www.douban.com/people/4362759/	0.0	3.0	0.9333333333333333	0.9333333333333333	0.0	1.0	0.0	0.0
https://www.douban.com/people/45854737/	0.0	3.9333333333333336	1.0	0.0	0.0	0.0	0.0	0.0
https://www.douban.com/people/51698700/	0.0	1.0	0.9333333333333333	1.0	1.0	0.0	1.0	0.0
https://www.douban.com/people/53045249/	4.933333333333334	0.0	0.0	2.0	0.0	0.0	0.0	0.0
https://www.douban.com/people/53343036/	0.0	0.0	0.0	4.933333333333334	0.0	0.0	0.0	0.0
https://www.douban.com/people/58075904/	0.0	0.0	0.9333333333333333	3.0	0.0	0.0	1.0	0.0
https://www.douban.com/people/58955700/	0.0	0.0	1.0	1.9333333333333333	2.0	0.0	0.0	0.0
https://www.douban.com/people/61300451/	0.0	0.0	0.9333333333333333	0.0	0.0	1.0	0.0	4.0
https://www.douban.com/people/62288291/	0.0	3.9333333333333336	0.0	0.0	0.0	0.0	1.0	0.0
https://www.douban.com/people/63833120/	0.0	0.0	0.0	3.0	0.9333333333333333	1.0	0.0	0.0
https://www.douban.com/people/65851485/	3.0	0.0	0.0	3.0	0.0	0.0	0.9333333333333333	0.0
https://www.douban.com/people/65970538/	1.0	1.0	0.0	2.0	0.0	0.9333333333333333	0.0	0.0
https://www.douban.com/people/69567631/	1.0	0.0	4.0	1.0	0.9333333333333333	0.0	0.0	0.0
https://www.douban.com/people/78618494/	3.0	0.0	0.9333333333333333	0.0	0.0	0.0	1.0	0.0
https://www.douban.com/people/80223507/	0.0	0.0	2.0	0.0	0.0	1.0	0.0	1.9333333333333333
https://www.douban.com/people/92617763/	1.9333333333333333	1.0	0.0	1.0	0.0	1.0	0.0	0.0
https://www.douban.com/people/92764486/	0.9333333333333333	0.0	2.0	2.0	0.0	0.0	1.0	0.0
https://www.douban.com/people/97001041/	2.0	0.0	1.0	0.0	0.0	0.0	0.0	1.9333333333333333
https://www.douban.com/people/FantasyDuan/	3.0	0.0	0.0	1.0	0.0	0.9333333333333333	0.0	1.0
https://www.douban.com/people/LiveHereAndNow/	1.0	0.9333333333333333	2.0	0.9333333333333333	0.0	0.0	2.0	0.0
https://www.douban.com/people/MrVeritas/	0.0	0.0	0.0	1.0	0.0	0.9333333333333333	0.0	3.9333333333333336
https://www.douban.com/people/acmerfight/	0.0	0.0	0.0	1.0	0.0	3.9333333333333336	0.0	0.0
https://www.douban.com/people/acmm/	0.0	1.0	1.9333333333333333	0.0	0.0	2.0	0.0	0.0
https://www.douban.com/people/annabel828/	0.0	0.0	4.0	2.0	0.0	0.0	0.9333333333333333	0.0
https://www.douban.com/people/atschool/	0.0	0.0	1.0	0.0	0.0	3.9333333333333336	0.0	2.0
https://www.douban.com/people/cnwhy/	0.9333333333333333	0.0	0.0	3.0	0.0	1.0	0.0	0.0
https://www.douban.com/people/drewjet/	2.0	1.0	0.9333333333333333	3.0	0.0	0.0	0.0	0.0
https://www.douban.com/people/faery/	1.9333333333333333	0.0	0.0	4.0	0.0	0.0	0.0	0.0
https://www.douban.com/people/fox234/	0.0	0.0	2.0	1.0	0.9333333333333333	0.0	0.0	2.0
https://www.douban.com/people/icancu/	0.9333333333333333	0.0	0.0	0.9333333333333333	0.0	1.0	1.0	3.0
https://www.douban.com/people/jeff_nie/	0.0	0.0	1.0	2.9333333333333336	0.0	1.0	0.0	0.0
https://www.douban.com/people/jupiterfox/	3.0	1.0	0.9333333333333333	2.0	0.0	0.0	0.0	0.0
https://www.douban.com/people/larry2012/	0.0	0.0	1.9333333333333333	1.0	0.0	1.0	0.0	2.9333333333333336
https://www.douban.com/people/maoyang/	0.0	0.0	0.0	2.9333333333333336	1.0	0.0	1.0	0.0
https://www.douban.com/people/miao1109/	0.0	0.0	0.0	3.9333333333333336	0.0	1.0	0.0	0.0
https://www.douban.com/people/miwang/	0.9333333333333333	0.0	0.0	4.0	0.0	0.0	0.0	0.0
https://www.douban.com/people/montee_D/	0.0	0.0	0.0	0.0	0.0	2.9333333333333336	0.0	3.0
https://www.douban.com/people/notyy/	0.0	0.0	0.0	0.0	0.0	1.0	0.0	4.933333333333334
https://www.douban.com/people/oranker/	0.0	1.0	1.0	2.0	0.9333333333333333	0.0	0.0	0.0
https://www.douban.com/people/pigzz/	1.0	1.0	1.0	0.0	0.0	1.9333333333333333	0.0	0.0
https://www.douban.com/people/qiqi-0933/	0.0	0.0	2.9333333333333336	2.0	0.0	0.0	0.0	0.0
https://www.douban.com/people/shadown/	1.9333333333333333	0.0	0.0	4.933333333333334	0.0	0.0	0.0	0.0
https://www.douban.com/people/taiweiqiao/	0.0	0.0	1.0	1.0	0.0	2.9333333333333336	0.0	1.0
https://www.douban.com/people/titilin/	0.0	0.0	1.0	0.9333333333333333	0.0	3.0	0.0	0.0
https://www.douban.com/people/travelforever/	0.9333333333333333	0.0	0.0	0.0	0.0	4.0	0.0	0.0
https://www.douban.com/people/wenyuanxz/	4.933333333333334	0.0	0.0	1.0	0.0	0.0	0.0	0.0
https://www.douban.com/people/whiterainbow310/	0.0	0.9333333333333333	0.0	2.0	0.0	2.0	0.0	0.0
https://www.douban.com/people/wuqifu/	0.0	0.0	0.0	0.0	0.0	0.0	0.0	4.933333333333334
https://www.douban.com/people/wuzhebupt/	0.0	1.0	2.0	0.0	0.0	0.0	0.0	1.9333333333333333
https://www.douban.com/people/xbin999/	0.0	0.0	4.0	1.0	0.0	0.9333333333333333	0.0	0.0
https://www.douban.com/people/ypnxcat/	1.0	0.9333333333333333	2.0	1.0	0.0	0.0	1.0	0.0
https://www.douban.com/people/177420879/	0.0	0.0	1.0	0.0	0.0	1.8666666666666667	0.9333333333333333	2.466666666666667
https://www.douban.com/people/192633735/	1.5333333333333332	3.2666666666666666	0.0	1.2	0.0	0.9333333333333333	0.0	0.0
https://www.douban.com/people/esther89/	0.0	0.0	0.9333333333333333	0.8	0.0	4.533333333333334	0.0	0.0
https://www.douban.com/people/137477658/	0.0	0.9333333333333333	0.9333333333333333	0.9333333333333333	2.533333333333333	0.0	0.0	0.0
https://www.douban.com/people/emily1987/	0.0	0.0	0.9333333333333333	3.466666666666667	0.0	0.0	0.9333333333333333	0.0
https://www.douban.com/people/fisheatbone/	0.0	0.0	0.0	0.0	0.9333333333333333	1.7333333333333334	0.0	2.666666666666667
https://www.douban.com/people/1201616/	0.0	0.0	1.9333333333333333	2.9333333333333336	0.0	0.0	0.0	0.0
https://www.douban.com/people/121997108/	1.0	1.9333333333333333	0.0	2.0	0.0	0.0	0.9333333333333333	0.0
https://www.douban.com/people/1275745/	0.0	0.0	1.9333333333333333	1.0	0.0	0.9333333333333333	0.0	2.0
https://www.douban.com/people/134425001/	0.0	0.0	0.0	0.0	0.0	4.866666666666667	0.0	0.0
https://www.douban.com/people/135883348/	0.0	0.0	0.9333333333333333	0.0	0.0	4.866666666666667	0.0	1.0
https://www.douban.com/people/138102693/	0.0	1.0	1.0	0.0	0.0	0.0	2.8666666666666667	0.0
https://www.douban.com/people/142003320/	0.0	0.0	1.0	0.0	0.0	4.866666666666667	0.0	0.0
https://www.douban.com/people/144587315/	0.0	0.0	2.0	1.0	0.0	2.8666666666666667	0.0	0.0
https://www.douban.com/people/1466649/	1.0	0.0	2.0	1.8666666666666667	0.0	0.0	0.0	0.0
https://www.douban.com/people/146771371/	0.0	0.0	0.9333333333333333	0.9333333333333333	0.0	0.0	3.0	0.0
https://www.douban.com/people/149987805/	0.0	0.0	0.0	0.0	0.0	4.866666666666667	0.0	0.0
https://www.douban.com/people/151490240/	1.0	2.9333333333333336	0.0	0.9333333333333333	0.0	0.0	0.0	0.0
https://www.douban.com/people/156273170/	0.0	0.0	0.0	0.0	0.0	2.8666666666666667	0.0	2.9333333333333336
https://www.douban.com/people/157533134/	0.9333333333333333	0.0	1.8666666666666667	2.0	1.0	0.0	0.0	0.0
